title,url,classification,
按摩养生,/entity_search?onto=health&type=health_anmo,养生方法,
起居养生,/entity_search?onto=health&type=health_qiju,养生方法,
疾病,/entity_search?onto=health&type=health_jibing,疾病,
针灸养生,/entity_search?onto=health&type=health_zhenjiu,养生方法,
中医养生原则,/entity_search?onto=health&type=health_zhongyiyangshenyuanze,基础,
气功养生,/entity_search?onto=health&type=health_qigong,养生方法,
饮食养生,/entity_search?onto=health&type=health_yinshi,养生方法,
名家养生,/entity_search?onto=health&type=health_mingjia,养生方法,
体质,/entity_search?onto=health&type=health_tizhi,基础,
药物养生,/entity_search?onto=health&type=health_yaowu,养生方法,
情志养生,/entity_search?onto=health&type=health_qingzhi,养生方法,
节气,/entity_search?onto=health&type=health_jieqi,基础,
中医养生思想,/entity_search?onto=health&type=health_zhongyiyangshensixiang,基础,
运动养生,/entity_search?onto=health&type=health_yundong,养生方法,
食谱,/entity_search?onto=health&type=health_shipu,基础,
穴位,/entity_search?onto=health&type=health_xuewei,基础,
西医疾病,/entity_search?onto=health&type=health_xiyijibing,疾病,
药膳养生,/entity_search?onto=health&type=health_yaoshan,养生方法,
中医疾病,/entity_search?onto=health&type=health_zhongyijibing,疾病,
经脉,/entity_search?onto=health&type=health_jingmai,基础,
食物养生,/entity_search?onto=health&type=health_shiwu,养生方法,
症候,/entity_search?onto=health&type=health_zhenghou,基础,
娱乐养生,/entity_search?onto=health&type=health_yule,养生方法,
