parentTitle,title,url,
西医疾病,颅骨缺损,/entity_search?onto=health&keywords=颅骨缺损&type=health_xiyijibing,
针灸养生,皮内针疗法,/entity_search?onto=health&keywords=皮内针疗法&type=health_zhenjiu,
针灸养生,穴位电极疗法,/entity_search?onto=health&keywords=穴位电极疗法&type=health_zhenjiu,
中医养生思想,道贵坚持,/entity_search?onto=health&keywords=道贵坚持&type=health_zhongyiyangshensixiang,
症候,气郁伤肺证,/entity_search?onto=health&keywords=气郁伤肺证&type=health_zhenghou,
名家养生,李贵,/entity_search?onto=health&keywords=李贵&type=health_mingjia,
西医疾病,系统性红斑狼疮,/entity_search?onto=health&keywords=系统性红斑狼疮&type=health_xiyijibing,
药物养生,药液洗足法,/entity_search?onto=health&keywords=药液洗足法&type=health_yaowu,
中医疾病,无精,/entity_search?onto=health&keywords=无精&type=health_zhongyijibing,
西医疾病,克雷白杆菌肺炎,/entity_search?onto=health&keywords=克雷白杆菌肺炎&type=health_xiyijibing,
名家养生,张凤山,/entity_search?onto=health&keywords=张凤山&type=health_mingjia,
症候,脾虚水泛证,/entity_search?onto=health&keywords=脾虚水泛证&type=health_zhenghou,
中医养生原则,节制欲望,/entity_search?onto=health&keywords=节制欲望&type=health_zhongyiyangshenyuanze,
药物养生,浸泡法,/entity_search?onto=health&keywords=浸泡法&type=health_yaowu,
气功养生,王子乔八神导引法,/entity_search?onto=health&keywords=王子乔八神导引法&type=health_qigong,
运动养生,呼气提肛法,/entity_search?onto=health&keywords=呼气提肛法&type=health_yundong,
西医疾病,原发性醛固酮增多症,/entity_search?onto=health&keywords=原发性醛固酮增多症&type=health_xiyijibing,
西医疾病,化脓性脑膜炎,/entity_search?onto=health&keywords=化脓性脑膜炎&type=health_xiyijibing,
食物养生,马齿菜粥,/entity_search?onto=health&keywords=马齿菜粥&type=health_shiwu,
药膳养生,地黄汁,/entity_search?onto=health&keywords=地黄汁&type=health_yaoshan,
节气,立冬,/entity_search?onto=health&keywords=立冬&type=health_jieqi,
药膳养生,①茅根黑鱼羹,/entity_search?onto=health&keywords=①茅根黑鱼羹&type=health_yaoshan,
西医疾病,低血糖症,/entity_search?onto=health&keywords=低血糖症&type=health_xiyijibing,
穴位,温溜,/entity_search?onto=health&keywords=温溜&type=health_xuewei,
药物养生,针灸法,/entity_search?onto=health&keywords=针灸法&type=health_yaowu,
气功养生,入水法,/entity_search?onto=health&keywords=入水法&type=health_qigong,
名家养生,颜正华,/entity_search?onto=health&keywords=颜正华&type=health_mingjia,
运动养生,抛空,/entity_search?onto=health&keywords=抛空&type=health_yundong,
穴位,乳根,/entity_search?onto=health&keywords=乳根&type=health_xuewei,
气功养生,配合气功服食法,/entity_search?onto=health&keywords=配合气功服食法&type=health_qigong,
症候,津液亏虚证,/entity_search?onto=health&keywords=津液亏虚证&type=health_zhenghou,
名家养生,姜惠中,/entity_search?onto=health&keywords=姜惠中&type=health_mingjia,
中医疾病,转胞,/entity_search?onto=health&keywords=转胞&type=health_zhongyijibing,
药膳养生,仙茅酒,/entity_search?onto=health&keywords=仙茅酒&type=health_yaoshan,
症候,风热犯肺证,/entity_search?onto=health&keywords=风热犯肺证&type=health_zhenghou,
按摩养生,擒拿法,/entity_search?onto=health&keywords=擒拿法&type=health_anmo,
中医疾病,脾系病类,/entity_search?onto=health&keywords=脾系病类&type=health_zhongyijibing,
中医疾病,蛇背疔,/entity_search?onto=health&keywords=蛇背疔&type=health_zhongyijibing,
疾病,流行性乙型脑炎,/entity_search?onto=health&keywords=流行性乙型脑炎&type=health_jibing,
食物养生,小麦粥,/entity_search?onto=health&keywords=小麦粥&type=health_shiwu,
气功养生,痨瘵门一法,/entity_search?onto=health&keywords=痨瘵门一法&type=health_qigong,
西医疾病,尿崩症,/entity_search?onto=health&keywords=尿崩症&type=health_xiyijibing,
食物养生,葛粉羹,/entity_search?onto=health&keywords=葛粉羹&type=health_shiwu,
起居养生,冷水浴-擦身,/entity_search?onto=health&keywords=冷水浴-擦身&type=health_qiju,
食谱,地三鲜,/entity_search?onto=health&keywords=地三鲜&type=health_shipu,
中医养生思想,重生轻利,/entity_search?onto=health&keywords=重生轻利&type=health_zhongyiyangshensixiang,
按摩养生,胸穴指压法,/entity_search?onto=health&keywords=胸穴指压法&type=health_anmo,
名家养生,陈景河,/entity_search?onto=health&keywords=陈景河&type=health_mingjia,
经脉,任脉,/entity_search?onto=health&keywords=任脉&type=health_jingmai,
饮食养生,栗子鸡汤,/entity_search?onto=health&keywords=栗子鸡汤&type=health_yinshi,
穴位,三间,/entity_search?onto=health&keywords=三间&type=health_xuewei,
症候,出疹期,/entity_search?onto=health&keywords=出疹期&type=health_zhenghou,
中医养生思想,天年,/entity_search?onto=health&keywords=天年&type=health_zhongyiyangshensixiang,
药物养生,外治法,/entity_search?onto=health&keywords=外治法&type=health_yaowu,
食物养生,山药,/entity_search?onto=health&keywords=山药&type=health_shiwu,
穴位,商阳,/entity_search?onto=health&keywords=商阳&type=health_xuewei,
食物养生,乳饼面,/entity_search?onto=health&keywords=乳饼面&type=health_shiwu,
症候,胃燥津伤证,/entity_search?onto=health&keywords=胃燥津伤证&type=health_zhenghou,
中医疾病,顽湿结聚,/entity_search?onto=health&keywords=顽湿结聚&type=health_zhongyijibing,
运动养生,上肢甩动法,/entity_search?onto=health&keywords=上肢甩动法&type=health_yundong,
针灸养生,药离子导入法,/entity_search?onto=health&keywords=药离子导入法&type=health_zhenjiu,
气功养生,痨瘵门二法,/entity_search?onto=health&keywords=痨瘵门二法&type=health_qigong,
名家养生,时毓民,/entity_search?onto=health&keywords=时毓民&type=health_mingjia,
名家养生,P国维,/entity_search?onto=health&keywords=P国维&type=health_mingjia,
穴位,二间,/entity_search?onto=health&keywords=二间&type=health_xuewei,
西医疾病,血栓闭塞性脉管炎,/entity_search?onto=health&keywords=血栓闭塞性脉管炎&type=health_xiyijibing,
西医疾病,鼻咽癌,/entity_search?onto=health&keywords=鼻咽癌&type=health_xiyijibing,
按摩养生,拍击法,/entity_search?onto=health&keywords=拍击法&type=health_anmo,
运动养生,步行健身法,/entity_search?onto=health&keywords=步行健身法&type=health_yundong,
西医疾病,甲状腺功能亢进症,/entity_search?onto=health&keywords=甲状腺功能亢进症&type=health_xiyijibing,
娱乐养生,歌吟法,/entity_search?onto=health&keywords=歌吟法&type=health_yule,
运动养生,体育法,/entity_search?onto=health&keywords=体育法&type=health_yundong,
药膳养生,食疗法,/entity_search?onto=health&keywords=食疗法&type=health_yaoshan,
西医疾病,淋病,/entity_search?onto=health&=淋病&type=health_xiyijibing,
饮食养生,马齿苋绿豆汤,/entity_search?onto=health&keywords=马齿苋绿豆汤&type=health_yinshi,
穴位,颊车,/entity_search?onto=health&keywords=颊车&type=health_xuewei,
按摩养生,兜阴囊,/entity_search?onto=health&keywords=兜阴囊&type=health_anmo,
药物养生,盐熨法,/entity_search?onto=health&keywords=盐熨法&type=health_yaowu,
运动养生,中等强度的有氧运动,/entity_search?onto=health&keywords=中等强度的有氧运动&type=health_yundong,
起居养生,耐寒法,/entity_search?onto=health&keywords=耐寒法&type=health_qiju,
名家养生,张金良,/entity_search?onto=health&keywords=张金良&type=health_mingjia,
起居养生,矿泉浴-温水浸浴,/entity_search?onto=health&keywords=矿泉浴-温水浸浴&type=health_qiju,
症候,水轮气虚血亏证,/entity_search?onto=health&keywords=水轮气虚血亏证&type=health_zhenghou,
名家养生,张莉,/entity_search?onto=health&keywords=张莉&type=health_mingjia,
西医疾病,葡萄球菌肺炎,/entity_search?onto=health&keywords=葡萄球菌肺炎&type=health_xiyijibing,
食谱,红烧肉,/entity_search?onto=health&keywords=红烧肉&type=health_shipu,
症候,凉燥证,/entity_search?onto=health&keywords=凉燥证&type=health_zhenghou,
食物养生,鹿角酒,/entity_search?onto=health&keywords=鹿角酒&type=health_shiwu,
穴位,巨s,/entity_search?onto=health&keywords=巨s&type=health_xuewei,
穴位,内庭,/entity_search?onto=health&keywords=内庭&type=health_xuewei,
食物养生,春盘面,/entity_search?onto=health&keywords=春盘面&type=health_shiwu,
节气,夏至,/entity_search?onto=health&keywords=夏至&type=health_jieqi,
中医养生思想,动静相宜,/entity_search?onto=health&keywords=动静相宜&type=health_zhongyiyangshensixiang,
节气,谷雨,/entity_search?onto=health&keywords=谷雨&type=health_jieqi,
饮食养生,猪肝枸杞汤,/entity_search?onto=health&keywords=猪肝枸杞汤&type=health_yinshi,
名家养生,李莉,/entity_search?onto=health&keywords=李莉&type=health_mingjia,
起居养生,矿泉浴-热水浸浴,/entity_search?onto=health&keywords=矿泉浴-热水浸浴&type=health_qiju,
食物养生,萝卜粥,/entity_search?onto=health&keywords=萝卜粥&type=health_shiwu,
西医疾病,肾小管性酸中毒,/entity_search?onto=health&keywords=肾小管性酸中毒&type=health_xiyijibing,
药膳养生,五味枸杞饮,/entity_search?onto=health&keywords=五味枸杞饮&type=health_yaoshan,
名家养生,安阿h,/entity_search?onto=health&keywords=安阿h&type=health_mingjia,
饮食养生,大蒜粥,/entity_search?onto=health&keywords=大蒜粥&type=health_yinshi,
中医疾病,鹅口疮,/entity_search?onto=health&keywords=鹅口疮&type=health_zhongyijibing,
名家养生,李冀,/entity_search?onto=health&keywords=李冀&type=health_mingjia,
症候,肝脾血瘀证,/entity_search?onto=health&keywords=肝脾血瘀证&type=health_zhenghou,
药物养生,推擦法,/entity_search?onto=health&keywords=推擦法&type=health_yaowu,
疾病,月经先期,/entity_search?onto=health&keywords=月经先期&type=health_jibing,
气功养生,中风门九法,/entity_search?onto=health&keywords=中风门九法&type=health_qigong,
名家养生,王玉林,/entity_search?onto=health&keywords=王玉林&type=health_mingjia,
名家养生,田文,/entity_search?onto=health&keywords=田文&type=health_mingjia,
穴位,手五里,/entity_search?onto=health&keywords=手五里&type=health_xuewei,
中医疾病,鹤膝痰[风］,/entity_search?onto=health&keywords=鹤膝痰[风］&type=health_zhongyijibing,
按摩养生,眼保健操法,/entity_search?onto=health&keywords=眼保健操法&type=health_anmo,
西医疾病,流行性腮腺炎,/entity_search?onto=health&keywords=流行性腮腺炎&type=health_xiyijibing,
名家养生,杜仲,/entity_search?onto=health&keywords=杜仲&type=health_mingjia,
中医疾病,晚期蛊虫病,/entity_search?onto=health&keywords=晚期蛊虫病&type=health_zhongyijibing,
西医疾病,肺螨病,/entity_search?onto=health&keywords=肺螨病&type=health_xiyijibing,
按摩养生,捏脊法,/entity_search?onto=health&keywords=捏脊法&type=health_anmo,
疾病,鹅口疮,/entity_search?onto=health&keywords=鹅口疮&type=health_jibing,
中医养生思想,协调平衡,/entity_search?onto=health&keywords=协调平衡&type=health_zhongyiyangshensixiang,
穴位,天枢,/entity_search?onto=health&keywords=天枢&type=health_xuewei,
症候,肝阳化风证,/entity_search?onto=health&keywords=肝阳化风证&type=health_zhenghou,
名家养生,金实,/entity_search?onto=health&keywords=金实&type=health_mingjia,
穴位,屋翳,/entity_search?onto=health&keywords=屋翳&type=health_xuewei,
名家养生,常青,/entity_search?onto=health&keywords=常青&type=health_mingjia,
气功养生,呕吐门三法,/entity_search?onto=health&keywords=呕吐门三法&type=health_qigong,
西医疾病,艾滋病,/entity_search?onto=health&keywords=艾滋病&type=health_xiyijibing,
疾病,急性肾小球肾炎,/entity_search?onto=health&keywords=急性肾小球肾炎&type=health_jibing,
疾病,月经后期,/entity_search?onto=health&keywords=月经后期&type=health_jibing,
穴位,下关,/entity_search?onto=health&keywords=下关&type=health_xuewei,
娱乐养生,音乐法,/entity_search?onto=health&keywords=音乐法&type=health_yule,
运动养生,中等量的运动,/entity_search?onto=health&keywords=中等量的运动&type=health_yundong,
起居养生,提肛运动法,/entity_search?onto=health&keywords=提肛运动法&type=health_qiju,
气功养生,中风门十三法,/entity_search?onto=health&keywords=中风门十三法&type=health_qigong,
食谱,私房浇汁豆腐,/entity_search?onto=health&keywords=私房浇汁豆腐&type=health_shipu,
名家养生,刘巧,/entity_search?onto=health&keywords=刘巧&type=health_mingjia,
西医疾病,原发性硬化性胆管炎,/entity_search?onto=health&keywords=原发性硬化性胆管炎&type=health_xiyijibing,
疾病,痛经,/entity_search?onto=health&keywords=痛经&type=health_jibing,
中医疾病,（小儿）通[斗］睛,/entity_search?onto=health&keywords=（小儿）通[斗］睛&type=health_zhongyijibing,
起居养生,药液蒸汽浴法,/entity_search?onto=health&keywords=药液蒸汽浴法&type=health_qiju,
名家养生,邓铁涛,/entity_search?onto=health&keywords=邓铁涛&type=health_mingjia,
疾病,咳嗽,/entity_search?onto=health&keywords=咳嗽&type=health_jibing,
中医疾病,疟疾,/entity_search?onto=health&keywords=疟疾&type=health_zhongyijibing,
气功养生,气门二法,/entity_search?onto=health&keywords=气门二法&type=health_qigong,
中医疾病,颈痈,/entity_search?onto=health&keywords=颈痈&type=health_zhongyijibing,
食物养生,恶实菜,/entity_search?onto=health&keywords=恶实菜&type=health_shiwu,
食物养生,鸡头粥,/entity_search?onto=health&keywords=鸡头粥&type=health_shiwu,
穴位,公孙,/entity_search?onto=health&keywords=公孙&type=health_xuewei,
饮食养生,萝卜无花果煲瘦肉汤,/entity_search?onto=health&keywords=萝卜无花果煲瘦肉汤&type=health_yinshi,
中医疾病,天行赤眼,/entity_search?onto=health&keywords=天行赤眼&type=health_zhongyijibing,
气功养生,修真书六字诀,/entity_search?onto=health&keywords=修真书六字诀&type=health_qigong,
气功养生,风痹门十法,/entity_search?onto=health&keywords=风痹门十法&type=health_qigong,
饮食养生,洋葱番茄百合汤,/entity_search?onto=health&keywords=洋葱番茄百合汤&type=health_yinshi,
针灸养生,磁贴法,/entity_search?onto=health&keywords=磁贴法&type=health_zhenjiu,
中医养生思想,人法天地阴阳,/entity_search?onto=health&keywords=人法天地阴阳&type=health_zhongyiyangshensixiang,
起居养生,矿泉浴-镇静性半身浴,/entity_search?onto=health&keywords=矿泉浴-镇静性半身浴&type=health_qiju,
运动养生,扭膝运动法　,/entity_search?onto=health&keywords=扭膝运动法　&type=health_yundong,
症候,温燥证,/entity_search?onto=health&keywords=温燥证&type=health_zhenghou,
食谱,肉沫茄子,/entity_search?onto=health&keywords=肉沫茄子&type=health_shipu,
中医疾病,带下病,/entity_search?onto=health&keywords=带下病&type=health_zhongyijibing,
中医养生原则,持之以恒,/entity_search?onto=health&keywords=持之以恒&type=health_zhongyiyangshenyuanze,
症候,心火炽盛证,/entity_search?onto=health&keywords=心火炽盛证&type=health_zhenghou,
中医养生原则,综合调养,/entity_search?onto=health&keywords=综合调养&type=health_zhongyiyangshenyuanze,
西医疾病,主动脉瓣关闭不全,/entity_search?onto=health&keywords=主动脉瓣关闭不全&type=health_xiyijibing,
经脉,阴跷脉,/entity_search?onto=health&keywords=阴跷脉&type=health_jingmai,
按摩养生,按揉睛明穴,/entity_search?onto=health&keywords=按揉睛明穴&type=health_anmo,
疾病,蛲虫病,/entity_search?onto=health&keywords=蛲虫病&type=health_jibing,
针灸养生,微波针法,/entity_search?onto=health&keywords=微波针法&type=health_zhenjiu,
针灸养生,耳穴,/entity_search?onto=health&keywords=耳穴&type=health_zhenjiu,
药膳养生,黑牛髓煎,/entity_search?onto=health&keywords=黑牛髓煎&type=health_yaoshan,
运动养生,乒乓球、网球,/entity_search?onto=health&keywords=乒乓球、网球&type=health_yundong,
中医疾病,外臁疮,/entity_search?onto=health&keywords=外臁疮&type=health_zhongyijibing,
名家养生,田振国,/entity_search?onto=health&keywords=田振国&type=health_mingjia,
西医疾病,房室传导阻滞,/entity_search?onto=health&keywords=房室传导阻滞&type=health_xiyijibing,
穴位,迎香,/entity_search?onto=health&keywords=迎香&type=health_xuewei,
饮食养生,白饭鱼滚韭菜汤,/entity_search?onto=health&keywords=白饭鱼滚韭菜汤&type=health_yinshi,
按摩养生,腰部自我推拿法,/entity_search?onto=health&keywords=腰部自我推拿法&type=health_anmo,
中医疾病,精少,/entity_search?onto=health&keywords=精少&type=health_zhongyijibing,
食物养生,鲤鱼汤,/entity_search?onto=health&keywords=鲤鱼汤&type=health_shiwu,
运动养生,叩齿咽津翕周法,/entity_search?onto=health&keywords=叩齿咽津翕周法&type=health_yundong,
气功养生,呕吐门一法,/entity_search?onto=health&keywords=呕吐门一法&type=health_qigong,
名家养生,王玉玲,/entity_search?onto=health&keywords=王玉玲&type=health_mingjia,
疾病,主题内容与适用范围,/entity_search?onto=health&keywords=主题内容与适用范围&type=health_jibing,
名家养生,高健生,/entity_search?onto=health&keywords=高健生&type=health_mingjia,
中医疾病,脱肛,/entity_search?onto=health&keywords=脱肛&type=health_zhongyijibing,
药膳养生,生地黄粥,/entity_search?onto=health&keywords=生地黄粥&type=health_yaoshan,
症候,胃气上逆证,/entity_search?onto=health&keywords=胃气上逆证&type=health_zhenghou,
中医疾病,包茎,/entity_search?onto=health&keywords=包茎&type=health_zhongyijibing,
症候,脾胃湿热证,/entity_search?onto=health&keywords=脾胃湿热证&type=health_zhenghou,
运动养生,跑步,/entity_search?onto=health&keywords=跑步&type=health_yundong,
起居养生,防护法,/entity_search?onto=health&keywords=防护法&type=health_qiju,
疾病,产后恶露不绝,/entity_search?onto=health&keywords=产后恶露不绝&type=health_jibing,
针灸养生,耳穴贴膏法,/entity_search?onto=health&keywords=耳穴贴膏法&type=health_zhenjiu,
症候,火毒证,/entity_search?onto=health&keywords=火毒证&type=health_zhenghou,
西医疾病,脑性瘫痪,/entity_search?onto=health&keywords=脑性瘫痪&type=health_xiyijibing,
中医疾病,癫病,/entity_search?onto=health&keywords=癫病&type=health_zhongyijibing,
起居养生,沐浴法,/entity_search?onto=health&keywords=沐浴法&type=health_qiju,
经脉,足少阴肾经,/entity_search?onto=health&keywords=足少阴肾经&type=health_jingmai,
运动养生,叩齿法,/entity_search?onto=health&keywords=叩齿法&type=health_yundong,
药膳养生,白术酒,/entity_search?onto=health&keywords=白术酒&type=health_yaoshan,
中医养生原则,春夏养阳，秋冬养阴,/entity_search?onto=health&keywords=春夏养阳，秋冬养阴&type=health_zhongyiyangshenyuanze,
药物养生,洗法,/entity_search?onto=health&keywords=洗法&type=health_yaowu,
中医疾病,目偏视,/entity_search?onto=health&keywords=目偏视&type=health_zhongyijibing,
西医疾病,房间隔缺损,/entity_search?onto=health&keywords=房间隔缺损&type=health_xiyijibing,
西医疾病,非淋菌性尿道炎,/entity_search?onto=health&keywords=非淋菌性尿道炎&type=health_xiyijibing,
饮食养生,荠冬拌肉丝,/entity_search?onto=health&keywords=荠冬拌肉丝&type=health_yinshi,
西医疾病,糖尿病,/entity_search?onto=health&keywords=糖尿病&type=health_xiyijibing,
节气,立秋,/entity_search?onto=health&keywords=立秋&type=health_jieqi,
穴位,偏历,/entity_search?onto=health&keywords=偏历&type=health_xuewei,
药膳养生,十全大补汤,/entity_search?onto=health&keywords=十全大补汤&type=health_yaoshan,
起居养生,服饰养生法,/entity_search?onto=health&keywords=服饰养生法&type=health_qiju,
气功养生,中风门二法,/entity_search?onto=health&keywords=中风门二法&type=health_qigong,
中医疾病,骨痹,/entity_search?onto=health&keywords=骨痹&type=health_zhongyijibing,
经脉,手厥阴心包经,/entity_search?onto=health&keywords=手厥阴心包经&type=health_jingmai,
症候,火毒犯鼻证,/entity_search?onto=health&keywords=火毒犯鼻证&type=health_zhenghou,
药物养生,滴耳疗法,/entity_search?onto=health&keywords=滴耳疗法&type=health_yaowu,
中医养生思想,治未病,/entity_search?onto=health&keywords=治未病&type=health_zhongyiyangshensixiang,
按摩养生,抓乳房,/entity_search?onto=health&keywords=抓乳房&type=health_anmo,
起居养生,固齿保健法,/entity_search?onto=health&keywords=固齿保健法&type=health_qiju,
中医疾病,疳积上目,/entity_search?onto=health&keywords=疳积上目&type=health_zhongyijibing,
按摩养生,头部自我推拿法,/entity_search?onto=health&keywords=头部自我推拿法&type=health_anmo,
起居养生,砂浴法,/entity_search?onto=health&keywords=砂浴法&type=health_qiju,
药物养生,熏鼻法,/entity_search?onto=health&keywords=熏鼻法&type=health_yaowu,
西医疾病,脊髓损伤,/entity_search?onto=health&keywords=脊髓损伤&type=health_xiyijibing,
节气,寒露,/entity_search?onto=health&keywords=寒露&type=health_jieqi,
穴位,阴市,/entity_search?onto=health&keywords=阴市&type=health_xuewei,
症候,食积证,/entity_search?onto=health&keywords=食积证&type=health_zhenghou,
中医疾病,恶核,/entity_search?onto=health&keywords=恶核&type=health_zhongyijibing,
症候,阴竭阳脱证,/entity_search?onto=health&keywords=阴竭阳脱证&type=health_zhenghou,
症候,阳明经证,/entity_search?onto=health&keywords=阳明经证&type=health_zhenghou,
运动养生,闭目养神,/entity_search?onto=health&keywords=闭目养神&type=health_yundong,
穴位,肩k,/entity_search?onto=health&keywords=肩k&type=health_xuewei,
名家养生,李发枝,/entity_search?onto=health&keywords=李发枝&type=health_mingjia,
针灸养生,艾灸法,/entity_search?onto=health&keywords=艾灸法&type=health_zhenjiu,
食谱,香菇烧栗子,/entity_search?onto=health&keywords=香菇烧栗子&type=health_shipu,
症候,湿胜着痹证,/entity_search?onto=health&keywords=湿胜着痹证&type=health_zhenghou,
名家养生,陆明,/entity_search?onto=health&keywords=陆明&type=health_mingjia,
按摩养生,正骨法,/entity_search?onto=health&keywords=正骨法&type=health_anmo,
食物养生,乌鸡酒,/entity_search?onto=health&keywords=乌鸡酒&type=health_shiwu,
饮食养生,山药枸杞蒸,/entity_search?onto=health&keywords=山药枸杞蒸&type=health_yinshi,
按摩养生,拔罐法,/entity_search?onto=health&keywords=拔罐法&type=health_anmo,
穴位,地仓,/entity_search?onto=health&keywords=地仓&type=health_xuewei,
西医疾病,二尖瓣关闭不全,/entity_search?onto=health&keywords=二尖瓣关闭不全&type=health_xiyijibing,
西医疾病,粘多糖病,/entity_search?onto=health&keywords=粘多糖病&type=health_xiyijibing,
中医疾病,赤[扁]虫病,/entity_search?onto=health&keywords=赤[扁]虫病&type=health_zhongyijibing,
节气,霜降,/entity_search?onto=health&keywords=霜降&type=health_jieqi,
疾病,闭经,/entity_search?onto=health&keywords=闭经&type=health_jibing,
穴位,上廉,/entity_search?onto=health&keywords=上廉&type=health_xuewei,
按摩养生,熨目,/entity_search?onto=health&keywords=熨目&type=health_anmo,
针灸养生,耳针疗法,/entity_search?onto=health&keywords=耳针疗法&type=health_zhenjiu,
经脉,阳跷脉,/entity_search?onto=health&keywords=阳跷脉&type=health_jingmai,
药物养生,滴眼疗法,/entity_search?onto=health&keywords=滴眼疗法&type=health_yaowu,
食谱,小炒嫩牛肉,/entity_search?onto=health&keywords=小炒嫩牛肉&type=health_shipu,
西医疾病,室间隔缺损,/entity_search?onto=health&keywords=室间隔缺损&type=health_xiyijibing,
按摩养生,按摩下肢涌泉法,/entity_search?onto=health&keywords=按摩下肢涌泉法&type=health_anmo,
药物养生,蒸法,/entity_search?onto=health&keywords=蒸法&type=health_yaowu,
穴位,阳溪,/entity_search?onto=health&keywords=阳溪&type=health_xuewei,
针灸养生,电针疗法,/entity_search?onto=health&keywords=电针疗法&type=health_zhenjiu,
药物养生,食物敷贴疗法,/entity_search?onto=health&keywords=食物敷贴疗法&type=health_yaowu,
药膳养生,肉苁蓉,/entity_search?onto=health&keywords=肉苁蓉&type=health_yaoshan,
中医疾病,妊娠瘙痒症,/entity_search?onto=health&keywords=妊娠瘙痒症&type=health_zhongyijibing,
中医疾病,胶瘤,/entity_search?onto=health&keywords=胶瘤&type=health_zhongyijibing,
节气,大暑,/entity_search?onto=health&keywords=大暑&type=health_jieqi,
西医疾病,主动脉瓣狭窄,/entity_search?onto=health&keywords=主动脉瓣狭窄&type=health_xiyijibing,
症候,肝肾气逆证,/entity_search?onto=health&keywords=肝肾气逆证&type=health_zhenghou,
症候,肝血虚证,/entity_search?onto=health&keywords=肝血虚证&type=health_zhenghou,
西医疾病,急性上呼吸道感染,/entity_search?onto=health&keywords=急性上呼吸道感染&type=health_xiyijibing,
名家养生,王玉,/entity_search?onto=health&keywords=王玉&type=health_mingjia,
药物养生,擦洗法,/entity_search?onto=health&keywords=擦洗法&type=health_yaowu,
饮食养生,韭菜鲜味粥,/entity_search?onto=health&keywords=韭菜鲜味粥&type=health_yinshi,
食物养生,甘蔗汁,/entity_search?onto=health&keywords=甘蔗汁&type=health_shiwu,
症候,血虚邪恋证,/entity_search?onto=health&keywords=血虚邪恋证&type=health_zhenghou,
穴位,条口,/entity_search?onto=health&keywords=条口&type=health_xuewei,
食物养生,枸杞粥,/entity_search?onto=health&keywords=枸杞粥&type=health_shiwu,
名家养生,张震,/entity_search?onto=health&keywords=张震&type=health_mingjia,
症候,蛇毒内攻证,/entity_search?onto=health&keywords=蛇毒内攻证&type=health_zhenghou,
药膳养生,固本酒,/entity_search?onto=health&keywords=固本酒&type=health_yaoshan,
西医疾病,流行性乙型脑炎,/entity_search?onto=health&keywords=流行性乙型脑炎&type=health_xiyijibing,
名家养生,久美,/entity_search?onto=health&keywords=久美&type=health_mingjia,
饮食养生,芜爆里脊,/entity_search?onto=health&keywords=芜爆里脊&type=health_yinshi,
名家养生,张杰,/entity_search?onto=health&keywords=张杰&type=health_mingjia,
名家养生,吴巍,/entity_search?onto=health&keywords=吴巍&type=health_mingjia,
气功养生,中风门一法,/entity_search?onto=health&keywords=中风门一法&type=health_qigong,
西医疾病,军团菌肺炎,/entity_search?onto=health&keywords=军团菌肺炎&type=health_xiyijibing,
名家养生,赵纪生,/entity_search?onto=health&keywords=赵纪生&type=health_mingjia,
针灸养生,超声波疗法,/entity_search?onto=health&keywords=超声波疗法&type=health_zhenjiu,
名家养生,刘开运,/entity_search?onto=health&keywords=刘开运&type=health_mingjia,
起居养生,旅游保健法,/entity_search?onto=health&keywords=旅游保健法&type=health_qiju,
药膳养生,何首乌粥,/entity_search?onto=health&keywords=何首乌粥&type=health_yaoshan,
中医疾病,女阴湿疹,/entity_search?onto=health&keywords=女阴湿疹&type=health_zhongyijibing,
起居养生,理疗法,/entity_search?onto=health&keywords=理疗法&type=health_qiju,
名家养生,张玉珍,/entity_search?onto=health&keywords=张玉珍&type=health_mingjia,
名家养生,李宝华,/entity_search?onto=health&keywords=李宝华&type=health_mingjia,
按摩养生,经络按摩,/entity_search?onto=health&keywords=经络按摩&type=health_anmo,
名家养生,吴旭,/entity_search?onto=health&keywords=吴旭&type=health_mingjia,
症候,阳明病证,/entity_search?onto=health&keywords=阳明病证&type=health_zhenghou,
针灸养生,电针法,/entity_search?onto=health&keywords=电针法&type=health_zhenjiu,
穴位,陷谷,/entity_search?onto=health&keywords=陷谷&type=health_xuewei,
情志养生,心理调摄法,/entity_search?onto=health&keywords=心理调摄法&type=health_qingzhi,
按摩养生,揉血海穴,/entity_search?onto=health&keywords=揉血海穴&type=health_anmo,
中医疾病,肛门失禁,/entity_search?onto=health&keywords=肛门失禁&type=health_zhongyijibing,
疾病,积滞,/entity_search?onto=health&keywords=积滞&type=health_jibing,
穴位,大迎,/entity_search?onto=health&keywords=大迎&type=health_xuewei,
药物养生,蛋滚法,/entity_search?onto=health&keywords=蛋滚法&type=health_yaowu,
西医疾病,慢性胃炎,/entity_search?onto=health&keywords=慢性胃炎&type=health_xiyijibing,
药膳养生,菜叶包地黄肉丸,/entity_search?onto=health&keywords=菜叶包地黄肉丸&type=health_yaoshan,
名家养生,张琪,/entity_search?onto=health&keywords=张琪&type=health_mingjia,
气功养生,风痹门六法,/entity_search?onto=health&keywords=风痹门六法&type=health_qigong,
中医疾病,日晒疮,/entity_search?onto=health&keywords=日晒疮&type=health_zhongyijibing,
症候,瘀阻脑络证,/entity_search?onto=health&keywords=瘀阻脑络证&type=health_zhenghou,
饮食养生,参果炖猪肉,/entity_search?onto=health&keywords=参果炖猪肉&type=health_yinshi,
症候,阴虚动血证,/entity_search?onto=health&keywords=阴虚动血证&type=health_zhenghou,
中医疾病,断耳疮,/entity_search?onto=health&keywords=断耳疮&type=health_zhongyijibing,
中医疾病,上胞下垂,/entity_search?onto=health&keywords=上胞下垂&type=health_zhongyijibing,
穴位,扶突,/entity_search?onto=health&keywords=扶突&type=health_xuewei,
药物养生,塞鼻法,/entity_search?onto=health&keywords=塞鼻法&type=health_yaowu,
名家养生,冯天有,/entity_search?onto=health&keywords=冯天有&type=health_mingjia,
药物养生,食物熏洗疗法,/entity_search?onto=health&keywords=食物熏洗疗法&type=health_yaowu,
中医养生原则,道德修养,/entity_search?onto=health&keywords=道德修养&type=health_zhongyiyangshenyuanze,
饮食养生,咸糟羹,/entity_search?onto=health&keywords=咸糟羹&type=health_yinshi,
节气,清明,/entity_search?onto=health&keywords=清明&type=health_jieqi,
按摩养生,摩腹法,/entity_search?onto=health&keywords=摩腹法&type=health_anmo,
针灸养生,针刺法,/entity_search?onto=health&keywords=针刺法&type=health_zhenjiu,
西医疾病,败血症,/entity_search?onto=health&keywords=败血症&type=health_xiyijibing,
症候,肌肤失养证,/entity_search?onto=health&keywords=肌肤失养证&type=health_zhenghou,
西医疾病,神经母细胞瘤,/entity_search?onto=health&keywords=神经母细胞瘤&type=health_xiyijibing,
西医疾病,胃癌,/entity_search?onto=health&keywords=胃癌&type=health_xiyijibing,
食物养生,熊肉羹,/entity_search?onto=health&keywords=熊肉羹&type=health_shiwu,
穴位,少商,/entity_search?onto=health&keywords=少商&type=health_xuewei,
药膳养生,菖蒲酒,/entity_search?onto=health&keywords=菖蒲酒&type=health_yaoshan,
中医疾病,肺癌,/entity_search?onto=health&keywords=肺癌&type=health_zhongyijibing,
西医疾病,急性乳腺炎,/entity_search?onto=health&keywords=急性乳腺炎&type=health_xiyijibing,
症候,瘀阻声带证,/entity_search?onto=health&keywords=瘀阻声带证&type=health_zhenghou,
经脉,阳维脉,/entity_search?onto=health&keywords=阳维脉&type=health_jingmai,
气功养生,风痹门一法,/entity_search?onto=health&keywords=风痹门一法&type=health_qigong,
气功养生,中风门六法,/entity_search?onto=health&keywords=中风门六法&type=health_qigong,
中医养生思想,衰老,/entity_search?onto=health&keywords=衰老&type=health_zhongyiyangshensixiang,
运动养生,太极拳,/entity_search?onto=health&keywords=太极拳&type=health_yundong,
食谱,鱼香茄子,/entity_search?onto=health&keywords=鱼香茄子&type=health_shipu,
中医疾病,坐板疮,/entity_search?onto=health&keywords=坐板疮&type=health_zhongyijibing,
穴位,合谷,/entity_search?onto=health&keywords=合谷&type=health_xuewei,
西医疾病,腕管综合征,/entity_search?onto=health&keywords=腕管综合征&type=health_xiyijibing,
药膳养生,车前草茶,/entity_search?onto=health&keywords=车前草茶&type=health_yaoshan,
疾病,厌食,/entity_search?onto=health&keywords=厌食&type=health_jibing,
西医疾病,感染性心内膜炎,/entity_search?onto=health&keywords=感染性心内膜炎&type=health_xiyijibing,
药物养生,食物涂擦疗法,/entity_search?onto=health&keywords=食物涂擦疗法&type=health_yaowu,
药物养生,收敛法,/entity_search?onto=health&keywords=收敛法&type=health_yaowu,
药膳养生,八珍酒,/entity_search?onto=health&keywords=八珍酒&type=health_yaoshan,
运动养生,体育音乐法,/entity_search?onto=health&keywords=体育音乐法&type=health_yundong,
针灸养生,头针疗法,/entity_search?onto=health&keywords=头针疗法&type=health_zhenjiu,
名家养生,张士舜,/entity_search?onto=health&keywords=张士舜&type=health_mingjia,
穴位,归来,/entity_search?onto=health&keywords=归来&type=health_xuewei,
西医疾病,弥散性血管内凝血,/entity_search?onto=health&keywords=弥散性血管内凝血&type=health_xiyijibing,
食物养生,酸枣粥,/entity_search?onto=health&keywords=酸枣粥&type=health_shiwu,
药物养生,其他,/entity_search?onto=health&keywords=其他&type=health_yaowu,
经脉,足太阴脾经,/entity_search?onto=health&keywords=足太阴脾经&type=health_jingmai,
起居养生,醋熏法,/entity_search?onto=health&keywords=醋熏法&type=health_qiju,
中医养生原则,养心敛思,/entity_search?onto=health&keywords=养心敛思&type=health_zhongyiyangshenyuanze,
穴位,尺泽,/entity_search?onto=health&keywords=尺泽&type=health_xuewei,
节气,处暑,/entity_search?onto=health&keywords=处暑&type=health_jieqi,
名家养生,张继东,/entity_search?onto=health&keywords=张继东&type=health_mingjia,
药物养生,湿敷法,/entity_search?onto=health&keywords=湿敷法&type=health_yaowu,
运动养生,站立甩腿法,/entity_search?onto=health&keywords=站立甩腿法&type=health_yundong,
症候,心肝阴虚证,/entity_search?onto=health&keywords=心肝阴虚证&type=health_zhenghou,
中医疾病,胁痛,/entity_search?onto=health&keywords=胁痛&type=health_zhongyijibing,
节气,小雪,/entity_search?onto=health&keywords=小雪&type=health_jieqi,
食物养生,鲫鱼羹,/entity_search?onto=health&keywords=鲫鱼羹&type=health_shiwu,
中医疾病,经行头痛,/entity_search?onto=health&keywords=经行头痛&type=health_zhongyijibing,
西医疾病,巨细胞病毒感染,/entity_search?onto=health&keywords=巨细胞病毒感染&type=health_xiyijibing,
西医疾病,风疹,/entity_search?onto=health&keywords=风疹&type=health_xiyijibing,
疾病,胰腺癌,/entity_search?onto=health&keywords=胰腺癌&type=health_jibing,
节气,大雪,/entity_search?onto=health&keywords=大雪&type=health_jieqi,
穴位,鱼际,/entity_search?onto=health&keywords=鱼际&type=health_xuewei,
药膳养生,熟地枸杞沉香酒,/entity_search?onto=health&keywords=熟地枸杞沉香酒&type=health_yaoshan,
中医养生原则,强调适度，不宜过量,/entity_search?onto=health&keywords=强调适度，不宜过量&type=health_zhongyiyangshenyuanze,
药膳养生,黄芪山药粥,/entity_search?onto=health&keywords=黄芪山药粥&type=health_yaoshan,
穴位,人迎,/entity_search?onto=health&keywords=人迎&type=health_xuewei,
食谱,家常回锅肉,/entity_search?onto=health&keywords=家常回锅肉&type=health_shipu,
西医疾病,多发性骨髓瘤,/entity_search?onto=health&keywords=多发性骨髓瘤&type=health_xiyijibing,
起居养生,矿泉浴法,/entity_search?onto=health&keywords=矿泉浴法&type=health_qiju,
针灸养生,近红外线疗法,/entity_search?onto=health&keywords=近红外线疗法&type=health_zhenjiu,
中医养生思想,天人相应,/entity_search?onto=health&keywords=天人相应&type=health_zhongyiyangshensixiang,
名家养生,付萍,/entity_search?onto=health&keywords=付萍&type=health_mingjia,
西医疾病,麻疹,/entity_search?onto=health&keywords=麻疹&type=health_xiyijibing,
症候,瘟毒下注证,/entity_search?onto=health&keywords=瘟毒下注证&type=health_zhenghou,
名家养生,陈意,/entity_search?onto=health&keywords=陈意&type=health_mingjia,
情志养生,和情御神法,/entity_search?onto=health&keywords=和情御神法&type=health_qingzhi,
饮食养生,扒四宝,/entity_search?onto=health&keywords=扒四宝&type=health_yinshi,
名家养生,李柏年,/entity_search?onto=health&keywords=李柏年&type=health_mingjia,
药膳养生,金匮肾气丸,/entity_search?onto=health&keywords=金匮肾气丸&type=health_yaoshan,
穴位,不容,/entity_search?onto=health&keywords=不容&type=health_xuewei,
中医疾病,阴痒,/entity_search?onto=health&keywords=阴痒&type=health_zhongyijibing,
药膳养生,羊肉羹,/entity_search?onto=health&keywords=羊肉羹&type=health_yaoshan,
按摩养生,推前额,/entity_search?onto=health&keywords=推前额&type=health_anmo,
节气,大寒,/entity_search?onto=health&keywords=大寒&type=health_jieqi,
症候,热扰胸膈证,/entity_search?onto=health&keywords=热扰胸膈证&type=health_zhenghou,
中医养生思想,形神合一,/entity_search?onto=health&keywords=形神合一&type=health_zhongyiyangshensixiang,
食物养生,獭肝羹,/entity_search?onto=health&keywords=獭肝羹&type=health_shiwu,
药膳养生,生地粥,/entity_search?onto=health&keywords=生地粥&type=health_yaoshan,
症候,心阳虚脱证,/entity_search?onto=health&keywords=心阳虚脱证&type=health_zhenghou,
针灸养生,中药离子导入疗法,/entity_search?onto=health&keywords=中药离子导入疗法&type=health_zhenjiu,
起居养生,营养调摄法,/entity_search?onto=health&keywords=营养调摄法&type=health_qiju,
饮食养生,猪肉萝卜煎饼,/entity_search?onto=health&keywords=猪肉萝卜煎饼&type=health_yinshi,
运动养生,慢跑,/entity_search?onto=health&keywords=慢跑&type=health_yundong,
运动养生,其他,/entity_search?onto=health&keywords=其他&type=health_yundong,
中医疾病,胎萎不长,/entity_search?onto=health&keywords=胎萎不长&type=health_zhongyijibing,
食物养生,乌驴皮汤,/entity_search?onto=health&keywords=乌驴皮汤&type=health_shiwu,
症候,胃气虚血瘀证,/entity_search?onto=health&keywords=胃气虚血瘀证&type=health_zhenghou,
起居养生,吐纳法,/entity_search?onto=health&keywords=吐纳法&type=health_qiju,
名家养生,李培,/entity_search?onto=health&keywords=李培&type=health_mingjia,
药物养生,香佩法,/entity_search?onto=health&keywords=香佩法&type=health_yaowu,
中医疾病,鼠乳,/entity_search?onto=health&keywords=鼠乳&type=health_zhongyijibing,
针灸养生,三棱针疗法,/entity_search?onto=health&keywords=三棱针疗法&type=health_zhenjiu,
症候,脾阳虚水泛证,/entity_search?onto=health&keywords=脾阳虚水泛证&type=health_zhenghou,
穴位,巨骨,/entity_search?onto=health&keywords=巨骨&type=health_xuewei,
针灸养生,耳穴疗法,/entity_search?onto=health&keywords=耳穴疗法&type=health_zhenjiu,
中医疾病,乳头风,/entity_search?onto=health&keywords=乳头风&type=health_zhongyijibing,
穴位,大巨,/entity_search?onto=health&keywords=大巨&type=health_xuewei,
节气,立夏,/entity_search?onto=health&keywords=立夏&type=health_jieqi,
药物养生,刮痧法,/entity_search?onto=health&keywords=刮痧法&type=health_yaowu,
药物养生,吹耳疗法,/entity_search?onto=health&keywords=吹耳疗法&type=health_yaowu,
中医养生思想,倡导运动养生,/entity_search?onto=health&keywords=倡导运动养生&type=health_zhongyiyangshensixiang,
气功养生,痰饮门一法,/entity_search?onto=health&keywords=痰饮门一法&type=health_qigong,
按摩养生,揉乳房,/entity_search?onto=health&keywords=揉乳房&type=health_anmo,
穴位,厉兑,/entity_search?onto=health&keywords=厉兑&type=health_xuewei,
穴位,地机,/entity_search?onto=health&keywords=地机&type=health_xuewei,
饮食养生,地黄蜜饮,/entity_search?onto=health&keywords=地黄蜜饮&type=health_yinshi,
食物养生,木瓜汤,/entity_search?onto=health&keywords=木瓜汤&type=health_shiwu,
症候,脓毒蕴肾证,/entity_search?onto=health&keywords=脓毒蕴肾证&type=health_zhenghou,
节气,冬至,/entity_search?onto=health&keywords=冬至&type=health_jieqi,
疾病,蛔虫病,/entity_search?onto=health&keywords=蛔虫病&type=health_jibing,
症候,心阳暴脱证,/entity_search?onto=health&keywords=心阳暴脱证&type=health_zhenghou,
饮食养生,鸡肝萝卜粥,/entity_search?onto=health&keywords=鸡肝萝卜粥&type=health_yinshi,
针灸养生,面针法,/entity_search?onto=health&keywords=面针法&type=health_zhenjiu,
西医疾病,恶性淋巴瘤,/entity_search?onto=health&keywords=恶性淋巴瘤&type=health_xiyijibing,
中医养生思想,动静互涵,/entity_search?onto=health&keywords=动静互涵&type=health_zhongyiyangshensixiang,
起居养生,睡眠时间合理,/entity_search?onto=health&keywords=睡眠时间合理&type=health_qiju,
中医养生思想,正气为本,/entity_search?onto=health&keywords=正气为本&type=health_zhongyiyangshensixiang,
症候,收没期,/entity_search?onto=health&keywords=收没期&type=health_zhenghou,
中医疾病,肝痈,/entity_search?onto=health&keywords=肝痈&type=health_zhongyijibing,
名家养生,张勇,/entity_search?onto=health&keywords=张勇&type=health_mingjia,
食谱,鱼香肉丝,/entity_search?onto=health&keywords=鱼香肉丝&type=health_shipu,
名家养生,马志,/entity_search?onto=health&keywords=马志&type=health_mingjia,
症候,气滞声带证,/entity_search?onto=health&keywords=气滞声带证&type=health_zhenghou,
药物养生,熏洗法,/entity_search?onto=health&keywords=熏洗法&type=health_yaowu,
运动养生,荡腿,/entity_search?onto=health&keywords=荡腿&type=health_yundong,
起居养生,美容保健法,/entity_search?onto=health&keywords=美容保健法&type=health_qiju,
起居养生,洁身法,/entity_search?onto=health&keywords=洁身法&type=health_qiju,
按摩养生,膏摩法,/entity_search?onto=health&keywords=膏摩法&type=health_anmo,
节气,白露,/entity_search?onto=health&keywords=白露&type=health_jieqi,
药膳养生,②首乌煨鸡,/entity_search?onto=health&keywords=②首乌煨鸡&type=health_yaoshan,
饮食养生,紫苏粥,/entity_search?onto=health&keywords=紫苏粥&type=health_yinshi,
穴位,四白,/entity_search?onto=health&keywords=四白&type=health_xuewei,
运动养生,导引-彭祖谷仙卧引法,/entity_search?onto=health&keywords=导引-彭祖谷仙卧引法&type=health_yundong,
食物养生,饮食法,/entity_search?onto=health&keywords=饮食法&type=health_shiwu,
症候,寒邪犯胃证,/entity_search?onto=health&keywords=寒邪犯胃证&type=health_zhenghou,
穴位,天府,/entity_search?onto=health&keywords=天府&type=health_xuewei,
穴位,承泣,/entity_search?onto=health&keywords=承泣&type=health_xuewei,
穴位,梁门,/entity_search?onto=health&keywords=梁门&type=health_xuewei,
中医养生原则,起居有常,/entity_search?onto=health&keywords=起居有常&type=health_zhongyiyangshenyuanze,
穴位,伏兔,/entity_search?onto=health&keywords=伏兔&type=health_xuewei,
运动养生,健鼻功（《内功图说》）,/entity_search?onto=health&keywords=健鼻功（《内功图说》）&type=health_yundong,
穴位,解溪,/entity_search?onto=health&keywords=解溪&type=health_xuewei,
症候,阴虚邪恋证,/entity_search?onto=health&keywords=阴虚邪恋证&type=health_zhenghou,
食谱,爆炒鸡胗,/entity_search?onto=health&keywords=爆炒鸡胗&type=health_shipu,
起居养生,矫正法,/entity_search?onto=health&keywords=矫正法&type=health_qiju,
针灸养生,面针疗法,/entity_search?onto=health&keywords=面针疗法&type=health_zhenjiu,
食谱,冬瓜玉米排骨汤,/entity_search?onto=health&keywords=冬瓜玉米排骨汤&type=health_shipu,
西医疾病,支原体肺炎,/entity_search?onto=health&keywords=支原体肺炎&type=health_xiyijibing,
食物养生,黄雌鸡,/entity_search?onto=health&keywords=黄雌鸡&type=health_shiwu,
食物养生,炙黄鸡,/entity_search?onto=health&keywords=炙黄鸡&type=health_shiwu,
药物养生,擦齿法,/entity_search?onto=health&keywords=擦齿法&type=health_yaowu,
症候,肉轮风热证,/entity_search?onto=health&keywords=肉轮风热证&type=health_zhenghou,
起居养生,兜肚,/entity_search?onto=health&keywords=兜肚&type=health_qiju,
疾病,经期延长,/entity_search?onto=health&keywords=经期延长&type=health_jibing,
运动养生,导引,/entity_search?onto=health&keywords=导引&type=health_yundong,
症候,血热肠燥证,/entity_search?onto=health&keywords=血热肠燥证&type=health_zhenghou,
饮食养生,神仙粥,/entity_search?onto=health&keywords=神仙粥&type=health_yinshi,
起居养生,护乳法,/entity_search?onto=health&keywords=护乳法&type=health_qiju,
中医养生原则,清静养神,/entity_search?onto=health&keywords=清静养神&type=health_zhongyiyangshenyuanze,
名家养生,王英,/entity_search?onto=health&keywords=王英&type=health_mingjia,
名家养生,刘云鹏,/entity_search?onto=health&keywords=刘云鹏&type=health_mingjia,
名家养生,姜良铎,/entity_search?onto=health&keywords=姜良铎&type=health_mingjia,
运动养生,升冠鬓不斑法,/entity_search?onto=health&keywords=升冠鬓不斑法&type=health_yundong,
饮食养生,春饼,/entity_search?onto=health&keywords=春饼&type=health_yinshi,
中医疾病,乳发,/entity_search?onto=health&keywords=乳发&type=health_zhongyijibing,
经脉,手阳明大肠经,/entity_search?onto=health&keywords=手阳明大肠经&type=health_jingmai,
疾病,不孕症,/entity_search?onto=health&keywords=不孕症&type=health_jibing,
针灸养生,压耳疗法,/entity_search?onto=health&keywords=压耳疗法&type=health_zhenjiu,
按摩养生,食后摩腹,/entity_search?onto=health&keywords=食后摩腹&type=health_anmo,
西医疾病,急性胆囊炎,/entity_search?onto=health&keywords=急性胆囊炎&type=health_xiyijibing,
中医疾病,尸厥,/entity_search?onto=health&keywords=尸厥&type=health_zhongyijibing,
疾病,水肿,/entity_search?onto=health&keywords=水肿&type=health_jibing,
中医养生原则,性格开朗,/entity_search?onto=health&keywords=性格开朗&type=health_zhongyiyangshenyuanze,
饮食养生,芋头饺子,/entity_search?onto=health&keywords=芋头饺子&type=health_yinshi,
名家养生,张涛,/entity_search?onto=health&keywords=张涛&type=health_mingjia,
中医疾病,牙咬痈,/entity_search?onto=health&keywords=牙咬痈&type=health_zhongyijibing,
气功养生,中风门七法,/entity_search?onto=health&keywords=中风门七法&type=health_qigong,
穴位,血海,/entity_search?onto=health&keywords=血海&type=health_xuewei,
穴位,三阴交,/entity_search?onto=health&keywords=三阴交&type=health_xuewei,
运动养生,远眺,/entity_search?onto=health&keywords=远眺&type=health_yundong,
饮食养生,花生衣红枣汤,/entity_search?onto=health&keywords=花生衣红枣汤&type=health_yinshi,
气功养生,中风门十一法,/entity_search?onto=health&keywords=中风门十一法&type=health_qigong,
名家养生,杨华,/entity_search?onto=health&keywords=杨华&type=health_mingjia,
西医疾病,完全性大动脉错位,/entity_search?onto=health&keywords=完全性大动脉错位&type=health_xiyijibing,
食物养生,野鸡羹,/entity_search?onto=health&keywords=野鸡羹&type=health_shiwu,
中医疾病,肾瘅,/entity_search?onto=health&keywords=肾瘅&type=health_zhongyijibing,
西医疾病,缺血性结肠炎,/entity_search?onto=health&keywords=缺血性结肠炎&type=health_xiyijibing,
穴位,下巨虚,/entity_search?onto=health&keywords=下巨虚&type=health_xuewei,
饮食养生,鸡肉汤圆,/entity_search?onto=health&keywords=鸡肉汤圆&type=health_yinshi,
症候,风重于热证,/entity_search?onto=health&keywords=风重于热证&type=health_zhenghou,
食物养生,食疗法,/entity_search?onto=health&keywords=食疗法&type=health_shiwu,
穴位,手三里,/entity_search?onto=health&keywords=手三里&type=health_xuewei,
症候,心肝血虚证,/entity_search?onto=health&keywords=心肝血虚证&type=health_zhenghou,
症候,囊虫侵脑证,/entity_search?onto=health&keywords=囊虫侵脑证&type=health_zhenghou,
穴位,太乙,/entity_search?onto=health&keywords=太乙&type=health_xuewei,
症候,肺胃阴虚证,/entity_search?onto=health&keywords=肺胃阴虚证&type=health_zhenghou,
疾病,肠易激综合征,/entity_search?onto=health&keywords=肠易激综合征&type=health_jibing,
症候,寒胜痛痹证,/entity_search?onto=health&keywords=寒胜痛痹证&type=health_zhenghou,
穴位,梁丘,/entity_search?onto=health&keywords=梁丘&type=health_xuewei,
情志养生,言语开导法,/entity_search?onto=health&keywords=言语开导法&type=health_qingzhi,
按摩养生,揉梁丘穴,/entity_search?onto=health&keywords=揉梁丘穴&type=health_anmo,
饮食养生,鲤鱼汤,/entity_search?onto=health&keywords=鲤鱼汤&type=health_yinshi,
西医疾病,动脉导管未闭,/entity_search?onto=health&keywords=动脉导管未闭&type=health_xiyijibing,
食物养生,鸡头粉羹,/entity_search?onto=health&keywords=鸡头粉羹&type=health_shiwu,
药膳养生,五加皮酒,/entity_search?onto=health&keywords=五加皮酒&type=health_yaoshan,
名家养生,金明,/entity_search?onto=health&keywords=金明&type=health_mingjia,
药物养生,药物法,/entity_search?onto=health&keywords=药物法&type=health_yaowu,
节气,小满,/entity_search?onto=health&keywords=小满&type=health_jieqi,
西医疾病,再生障碍性贫血,/entity_search?onto=health&keywords=再生障碍性贫血&type=health_xiyijibing,
运动养生,养肝保健锻炼法,/entity_search?onto=health&keywords=养肝保健锻炼法&type=health_yundong,
疾病,肺癌,/entity_search?onto=health&keywords=肺癌&type=health_jibing,
穴位,漏谷,/entity_search?onto=health&keywords=漏谷&type=health_xuewei,
中医养生思想,生命,/entity_search?onto=health&keywords=生命&type=health_zhongyiyangshensixiang,
食物养生,驴肉汤,/entity_search?onto=health&keywords=驴肉汤&type=health_shiwu,
症候,阳虚湿困证,/entity_search?onto=health&keywords=阳虚湿困证&type=health_zhenghou,
药膳养生,何首乌,/entity_search?onto=health&keywords=何首乌&type=health_yaoshan,
中医疾病,颧疔,/entity_search?onto=health&keywords=颧疔&type=health_zhongyijibing,
西医疾病,特发性血小板减少性紫癜,/entity_search?onto=health&keywords=特发性血小板减少性紫癜&type=health_xiyijibing,
气功养生,心腹痛门二法,/entity_search?onto=health&keywords=心腹痛门二法&type=health_qigong,
药物养生,药浴法,/entity_search?onto=health&keywords=药浴法&type=health_yaowu,
运动养生,旋腰转脊,/entity_search?onto=health&keywords=旋腰转脊&type=health_yundong,
中医养生原则,提倡持之以恒，坚持不懈,/entity_search?onto=health&keywords=提倡持之以恒，坚持不懈&type=health_zhongyiyangshenyuanze,
食谱,肥牛金针菇,/entity_search?onto=health&keywords=肥牛金针菇&type=health_shipu,
针灸养生,激光针法,/entity_search?onto=health&keywords=激光针法&type=health_zhenjiu,
中医疾病,鹅掌风,/entity_search?onto=health&keywords=鹅掌风&type=health_zhongyijibing,
名家养生,扎加,/entity_search?onto=health&keywords=扎加&type=health_mingjia,
食谱,香辣虾,/entity_search?onto=health&keywords=香辣虾&type=health_shipu,
药物养生,含漱法,/entity_search?onto=health&keywords=含漱法&type=health_yaowu,
名家养生,王春生,/entity_search?onto=health&keywords=王春生&type=health_mingjia,
症候,邪毒炽盛证,/entity_search?onto=health&keywords=邪毒炽盛证&type=health_zhenghou,
运动养生,升冠鬓不斑法（《遵生八笺》）,/entity_search?onto=health&keywords=升冠鬓不斑法（《遵生八笺》）&type=health_yundong,
饮食养生,韭菜炒虾仁,/entity_search?onto=health&keywords=韭菜炒虾仁??&type=health_yinshi,
药膳养生,羊蜜膏,/entity_search?onto=health&keywords=羊蜜膏&type=health_yaoshan,
针灸养生,耳穴模压法,/entity_search?onto=health&keywords=耳穴模压法&type=health_zhenjiu,
名家养生,黄志强,/entity_search?onto=health&keywords=黄志强&type=health_mingjia,
节气,春分,/entity_search?onto=health&keywords=春分&type=health_jieqi,
中医疾病,流痰,/entity_search?onto=health&keywords=流痰&type=health_zhongyijibing,
饮食养生,苦菜炖猪肉,/entity_search?onto=health&keywords=苦菜炖猪肉&type=health_yinshi,
食物养生,狐肉羹,/entity_search?onto=health&keywords=狐肉羹&type=health_shiwu,
症候,邪扰胸膈证,/entity_search?onto=health&keywords=邪扰胸膈证&type=health_zhenghou,
运动养生,导引生发功（《诸病源候论》）,/entity_search?onto=health&keywords=导引生发功（《诸病源候论》）&type=health_yundong,
名家养生,刘明,/entity_search?onto=health&keywords=刘明&type=health_mingjia,
西医疾病,结节性多动脉炎,/entity_search?onto=health&keywords=结节性多动脉炎&type=health_xiyijibing,
中医疾病,奶[假]麻[疹],/entity_search?onto=health&keywords=奶[假]麻[疹]&type=health_zhongyijibing,
中医疾病,关节痛,/entity_search?onto=health&keywords=关节痛&type=health_zhongyijibing,
气功养生,风痹门三法,/entity_search?onto=health&keywords=风痹门三法&type=health_qigong,
药膳养生,铁瓮先生琼玉膏,/entity_search?onto=health&keywords=铁瓮先生琼玉膏&type=health_yaoshan,
西医疾病,急性胰腺炎,/entity_search?onto=health&keywords=急性胰腺炎&type=health_xiyijibing,
针灸养生,水针法,/entity_search?onto=health&keywords=水针法&type=health_zhenjiu,
食物养生,麻子粥,/entity_search?onto=health&keywords=麻子粥&type=health_shiwu,
运动养生,运动法,/entity_search?onto=health&keywords=运动法&type=health_yundong,
经脉,足阳明胃经,/entity_search?onto=health&keywords=足阳明胃经&type=health_jingmai,
穴位,水突,/entity_search?onto=health&keywords=水突&type=health_xuewei,
西医疾病,弥漫性泛细支气管炎,/entity_search?onto=health&keywords=弥漫性泛细支气管炎&type=health_xiyijibing,
饮食养生,荸荠排骨汤,/entity_search?onto=health&keywords=荸荠排骨汤&type=health_yinshi,
药膳养生,天门冬膏,/entity_search?onto=health&keywords=天门冬膏&type=health_yaoshan,
中医疾病,胆瘅,/entity_search?onto=health&keywords=胆瘅&type=health_zhongyijibing,
气功养生,心腹痛门一法,/entity_search?onto=health&keywords=心腹痛门一法&type=health_qigong,
节气,惊蛰,/entity_search?onto=health&keywords=惊蛰&type=health_jieqi,
西医疾病,雷诺综合征,/entity_search?onto=health&keywords=雷诺综合征&type=health_xiyijibing,
疾病,慢性乙型肝炎,/entity_search?onto=health&keywords=慢性乙型肝炎&type=health_jibing,
中医疾病,臀红,/entity_search?onto=health&keywords=臀红&type=health_zhongyijibing,
药物养生,壶熨法,/entity_search?onto=health&keywords=壶熨法&type=health_yaowu,
中医疾病,鼻息肉,/entity_search?onto=health&keywords=鼻息肉&type=health_zhongyijibing,
起居养生,护理法,/entity_search?onto=health&keywords=护理法&type=health_qiju,
西医疾病,遗传性球形红细胞增多症,/entity_search?onto=health&keywords=遗传性球形红细胞增多症&type=health_xiyijibing,
中医疾病,蜂螫伤,/entity_search?onto=health&keywords=蜂螫伤&type=health_zhongyijibing,
饮食养生,玉竹心子,/entity_search?onto=health&keywords=玉竹心子&type=health_yinshi,
症候,血瘀水停证,/entity_search?onto=health&keywords=血瘀水停证&type=health_zhenghou,
症候,肺热熏鼻证,/entity_search?onto=health&keywords=肺热熏鼻证&type=health_zhenghou,
按摩养生,摩耳,/entity_search?onto=health&keywords=摩耳&type=health_anmo,
西医疾病,食管癌,/entity_search?onto=health&keywords=食管癌&type=health_xiyijibing,
穴位,膺窗,/entity_search?onto=health&keywords=膺窗&type=health_xuewei,
症候,水轮气虚证,/entity_search?onto=health&keywords=水轮气虚证&type=health_zhenghou,
气功养生,中风门五法,/entity_search?onto=health&keywords=中风门五法&type=health_qigong,
气功养生,导引行气法,/entity_search?onto=health&keywords=导引行气法&type=health_qigong,
西医疾病,法洛四联症,/entity_search?onto=health&keywords=法洛四联症&type=health_xiyijibing,
中医疾病,内发丹毒,/entity_search?onto=health&keywords=内发丹毒&type=health_zhongyijibing,
按摩养生,捏乳头,/entity_search?onto=health&keywords=捏乳头&type=health_anmo,
中医疾病,水痘,/entity_search?onto=health&keywords=水痘&type=health_zhongyijibing,
经脉,手太阴肺经,/entity_search?onto=health&keywords=手太阴肺经&type=health_jingmai,
食物养生,莲子粥,/entity_search?onto=health&keywords=莲子粥&type=health_shiwu,
针灸养生,穴位电极法,/entity_search?onto=health&keywords=穴位电极法&type=health_zhenjiu,
气功养生,霍乱门三法,/entity_search?onto=health&keywords=霍乱门三法&type=health_qigong,
症候,寒热错杂证,/entity_search?onto=health&keywords=寒热错杂证&type=health_zhenghou,
中医养生原则,掌握运动养生的要领,/entity_search?onto=health&keywords=掌握运动养生的要领&type=health_zhongyiyangshenyuanze,
食谱,茄汁煎鸡翅,/entity_search?onto=health&keywords=茄汁煎鸡翅&type=health_shipu,
中医疾病,嘈杂,/entity_search?onto=health&keywords=嘈杂&type=health_zhongyijibing,
疾病,妊娠恶阻,/entity_search?onto=health&keywords=妊娠恶阻&type=health_jibing,
症候,脾胃实热证,/entity_search?onto=health&keywords=脾胃实热证&type=health_zhenghou,
名家养生,张毅,/entity_search?onto=health&keywords=张毅&type=health_mingjia,
中医养生原则,春捂秋冻,/entity_search?onto=health&keywords=春捂秋冻&type=health_zhongyiyangshenyuanze,
药物养生,脐敷法,/entity_search?onto=health&keywords=脐敷法&type=health_yaowu,
中医养生原则,房事有节,/entity_search?onto=health&keywords=房事有节&type=health_zhongyiyangshenyuanze,
中医养生原则,少私寡欲,/entity_search?onto=health&keywords=少私寡欲&type=health_zhongyiyangshenyuanze,
症候,气虚外感证,/entity_search?onto=health&keywords=气虚外感证&type=health_zhenghou,
症候,热盛动血证,/entity_search?onto=health&keywords=热盛动血证&type=health_zhenghou,
西医疾病,急性白血病,/entity_search?onto=health&keywords=急性白血病&type=health_xiyijibing,
西医疾病,骨肉瘤,/entity_search?onto=health&keywords=骨肉瘤&type=health_xiyijibing,
西医疾病,阻塞性肺气肿,/entity_search?onto=health&keywords=阻塞性肺气肿&type=health_xiyijibing,
运动养生,步行,/entity_search?onto=health&keywords=步行&type=health_yundong,
气功养生,风痹门四法,/entity_search?onto=health&keywords=风痹门四法&type=health_qigong,
西医疾病,乳腺癌,/entity_search?onto=health&keywords=乳腺癌&type=health_xiyijibing,
运动养生,易筋经,/entity_search?onto=health&keywords=易筋经&type=health_yundong,
症候,肝郁肾虚证,/entity_search?onto=health&keywords=肝郁肾虚证&type=health_zhenghou,
运动养生,坐式八段锦,/entity_search?onto=health&keywords=坐式八段锦&type=health_yundong,
药膳养生,乌发蜜膏,/entity_search?onto=health&keywords=乌发蜜膏&type=health_yaoshan,
穴位,水道,/entity_search?onto=health&keywords=水道&type=health_xuewei,
药膳养生,茶酒法,/entity_search?onto=health&keywords=茶酒法&type=health_yaoshan,
情志养生,虚静守神法,/entity_search?onto=health&keywords=虚静守神法&type=health_qingzhi,
症候,风湿蕴肤证,/entity_search?onto=health&keywords=风湿蕴肤证&type=health_zhenghou,
西医疾病,肺炎球菌肺炎,/entity_search?onto=health&keywords=肺炎球菌肺炎&type=health_xiyijibing,
症候,肉轮热毒证,/entity_search?onto=health&keywords=肉轮热毒证&type=health_zhenghou,
起居养生,足浴疗法,/entity_search?onto=health&keywords=足浴疗法&type=health_qiju,
症候,阳虚气滞证,/entity_search?onto=health&keywords=阳虚气滞证&type=health_zhenghou,
饮食养生,葱豉豆腐汤,/entity_search?onto=health&keywords=葱豉豆腐汤&type=health_yinshi,
中医养生思想,通达意足，淡薄寡欲,/entity_search?onto=health&keywords=通达意足，淡薄寡欲&type=health_zhongyiyangshensixiang,
饮食养生,虾米小白菜炖豆腐,/entity_search?onto=health&keywords=虾米小白菜炖豆腐&type=health_yinshi,
中医养生原则,哲理养性,/entity_search?onto=health&keywords=哲理养性&type=health_zhongyiyangshenyuanze,
名家养生,岳美中,/entity_search?onto=health&keywords=岳美中&type=health_mingjia,
症候,湿阻肠道证,/entity_search?onto=health&keywords=湿阻肠道证&type=health_zhenghou,
针灸养生,经络导平疗法,/entity_search?onto=health&keywords=经络导平疗法&type=health_zhenjiu,
名家养生,李祥云,/entity_search?onto=health&keywords=李祥云&type=health_mingjia,
穴位,隐白,/entity_search?onto=health&keywords=隐白&type=health_xuewei,
中医疾病,胃痞,/entity_search?onto=health&keywords=胃痞&type=health_zhongyijibing,
穴位,外陵,/entity_search?onto=health&keywords=外陵&type=health_xuewei,
起居养生,肚束,/entity_search?onto=health&keywords=肚束&type=health_qiju,
穴位,大横,/entity_search?onto=health&keywords=大横&type=health_xuewei,
中医疾病,阴癣,/entity_search?onto=health&keywords=阴癣&type=health_zhongyijibing,
穴位,口禾s,/entity_search?onto=health&keywords=口禾s&type=health_xuewei,
西医疾病,过敏性紫癜,/entity_search?onto=health&keywords=过敏性紫癜&type=health_xiyijibing,
穴位,太白,/entity_search?onto=health&keywords=太白&type=health_xuewei,
中医养生原则,劳逸适度,/entity_search?onto=health&keywords=劳逸适度&type=health_zhongyiyangshenyuanze,
按摩养生,壮神鞭,/entity_search?onto=health&keywords=壮神鞭&type=health_anmo,
药物养生,涂抹法,/entity_search?onto=health&keywords=涂抹法&type=health_yaowu,
针灸养生,穴位按压,/entity_search?onto=health&keywords=穴位按压&type=health_zhenjiu,
西医疾病,肺真菌病,/entity_search?onto=health&keywords=肺真菌病&type=health_xiyijibing,
按摩养生,提阳根,/entity_search?onto=health&keywords=提阳根&type=health_anmo,
名家养生,金伟,/entity_search?onto=health&keywords=金伟&type=health_mingjia,
疾病,崩漏,/entity_search?onto=health&keywords=崩漏&type=health_jibing,
起居养生,矿泉浴-直喷浴,/entity_search?onto=health&keywords=矿泉浴-直喷浴&type=health_qiju,
症候,经脉筋骨证类,/entity_search?onto=health&keywords=经脉筋骨证类&type=health_zhenghou,
饮食养生,红枣炒木耳,/entity_search?onto=health&keywords=红枣炒木耳&type=health_yinshi,
气功养生,中风门十法,/entity_search?onto=health&keywords=中风门十法&type=health_qigong,
气功养生,霍乱门二法,/entity_search?onto=health&keywords=霍乱门二法&type=health_qigong,
中医疾病,飞扬喉,/entity_search?onto=health&keywords=飞扬喉&type=health_zhongyijibing,
气功养生,中风门十四法,/entity_search?onto=health&keywords=中风门十四法&type=health_qigong,
穴位,关门,/entity_search?onto=health&keywords=关门&type=health_xuewei,
按摩养生,四肢部自我推拿法,/entity_search?onto=health&keywords=四肢部自我推拿法&type=health_anmo,
疾病,经行泄泻,/entity_search?onto=health&keywords=经行泄泻&type=health_jibing,
食物养生,鹿蹄汤,/entity_search?onto=health&keywords=鹿蹄汤&type=health_shiwu,
中医疾病,流皮漏,/entity_search?onto=health&keywords=流皮漏&type=health_zhongyijibing,
针灸养生,冷针冷灸法,/entity_search?onto=health&keywords=冷针冷灸法&type=health_zhenjiu,
中医疾病,黄耳伤寒,/entity_search?onto=health&keywords=黄耳伤寒&type=health_zhongyijibing,
针灸养生,激光法,/entity_search?onto=health&keywords=激光法&type=health_zhenjiu,
饮食养生,大葱钙骨汤,/entity_search?onto=health&keywords=大葱钙骨汤&type=health_yinshi,
中医疾病,乳蛾,/entity_search?onto=health&keywords=乳蛾&type=health_zhongyijibing,
运动养生,八段锦,/entity_search?onto=health&keywords=八段锦&type=health_yundong,
西医疾病,肺血吸虫病,/entity_search?onto=health&keywords=肺血吸虫病&type=health_xiyijibing,
药膳养生,地黄首乌酒,/entity_search?onto=health&keywords=地黄首乌酒&type=health_yaoshan,
中医疾病,气瘤,/entity_search?onto=health&keywords=气瘤&type=health_zhongyijibing,
食谱,土豆小排骨,/entity_search?onto=health&keywords=土豆小排骨&type=health_shipu,
症候,心肺气虚证,/entity_search?onto=health&keywords=心肺气虚证&type=health_zhenghou,
穴位,曲池,/entity_search?onto=health&keywords=曲池&type=health_xuewei,
药膳养生,羊肾酒,/entity_search?onto=health&keywords=羊肾酒&type=health_yaoshan,
疾病,麻疹,/entity_search?onto=health&keywords=麻疹&type=health_jibing,
药物养生,取嚏法,/entity_search?onto=health&keywords=取嚏法&type=health_yaowu,
按摩养生,捏眦,/entity_search?onto=health&keywords=捏眦&type=health_anmo,
按摩养生,上下眼眶,/entity_search?onto=health&keywords=上下眼眶&type=health_anmo,
针灸养生,贴磁疗法,/entity_search?onto=health&keywords=贴磁疗法&type=health_zhenjiu,
名家养生,李延,/entity_search?onto=health&keywords=李延&type=health_mingjia,
疾病,腰椎间盘突出症,/entity_search?onto=health&keywords=腰椎间盘突出症&type=health_jibing,
西医疾病,二尖瓣狭窄,/entity_search?onto=health&keywords=二尖瓣狭窄&type=health_xiyijibing,
中医养生原则,协调脏腑,/entity_search?onto=health&keywords=协调脏腑&type=health_zhongyiyangshenyuanze,
名家养生,黄云,/entity_search?onto=health&keywords=黄云&type=health_mingjia,
按摩养生,穴位按压,/entity_search?onto=health&keywords=穴位按压&type=health_anmo,
气功养生,霍乱门一法,/entity_search?onto=health&keywords=霍乱门一法&type=health_qigong,
药物养生,热敷法,/entity_search?onto=health&keywords=热敷法&type=health_yaowu,
运动养生,屈肘上举,/entity_search?onto=health&keywords=屈肘上举&type=health_yundong,
饮食养生,何首乌炒肝片,/entity_search?onto=health&keywords=何首乌炒肝片&type=health_yinshi,
症候,寒凝血涩肌肤证,/entity_search?onto=health&keywords=寒凝血涩肌肤证&type=health_zhenghou,
症候,心肾阴阳两虚证,/entity_search?onto=health&keywords=心肾阴阳两虚证&type=health_zhenghou,
经脉,阴维脉,/entity_search?onto=health&keywords=阴维脉&type=health_jingmai,
运动养生,坐式的“八段锦”,/entity_search?onto=health&keywords=坐式的“八段锦”&type=health_yundong,
中医疾病,颅脑痈,/entity_search?onto=health&keywords=颅脑痈&type=health_zhongyijibing,
症候,饮停心包证,/entity_search?onto=health&keywords=饮停心包证&type=health_zhenghou,
情志养生,顺意法,/entity_search?onto=health&keywords=顺意法&type=health_qingzhi,
按摩养生,按摩法,/entity_search?onto=health&keywords=按摩法&type=health_anmo,
起居养生,四季养生,/entity_search?onto=health&keywords=四季养生&type=health_qiju,
食物养生,鹿肾羹,/entity_search?onto=health&keywords=鹿肾羹&type=health_shiwu,
疾病,中风病(脑梗死),/entity_search?onto=health&keywords=中风病(脑梗死)&type=health_jibing,
名家养生,张伯礼,/entity_search?onto=health&keywords=张伯礼&type=health_mingjia,
名家养生,于志强,/entity_search?onto=health&keywords=于志强&type=health_mingjia,
名家养生,唐宋,/entity_search?onto=health&keywords=唐宋&type=health_mingjia,
按摩养生,推拿按摩法,/entity_search?onto=health&keywords=推拿按摩法&type=health_anmo,
疾病,经行吐衄,/entity_search?onto=health&keywords=经行吐衄&type=health_jibing,
疾病,肺炎喘嗽,/entity_search?onto=health&keywords=肺炎喘嗽&type=health_jibing,
针灸养生,拔罐疗法,/entity_search?onto=health&keywords=拔罐疗法&type=health_zhenjiu,
药物养生,塞耳疗法,/entity_search?onto=health&keywords=塞耳疗法&type=health_yaowu,
运动养生,平坐蹬腿法,/entity_search?onto=health&keywords=平坐蹬腿法&type=health_yundong,
名家养生,路志正,/entity_search?onto=health&keywords=路志正&type=health_mingjia,
节气,立春,/entity_search?onto=health&keywords=立春&type=health_jieqi,
穴位,冲门,/entity_search?onto=health&keywords=冲门&type=health_xuewei,
疾病,带下病,/entity_search?onto=health&keywords=带下病&type=health_jibing,
中医疾病,发际疮,/entity_search?onto=health&keywords=发际疮&type=health_zhongyijibing,
起居养生,自我锻炼法,/entity_search?onto=health&keywords=自我锻炼法&type=health_qiju,
中医疾病,Y积,/entity_search?onto=health&keywords=Y积&type=health_zhongyijibing,
西医疾病,干燥综合征,/entity_search?onto=health&keywords=干燥综合征&type=health_xiyijibing,
中医疾病,大脚风,/entity_search?onto=health&keywords=大脚风&type=health_zhongyijibing,
穴位,大都,/entity_search?onto=health&keywords=大都&type=health_xuewei,
中医疾病,肥气,/entity_search?onto=health&keywords=肥气&type=health_zhongyijibing,
穴位,犊鼻,/entity_search?onto=health&keywords=犊鼻&type=health_xuewei,
中医疾病,心衰,/entity_search?onto=health&keywords=心衰&type=health_zhongyijibing,
食物养生,椒面羹,/entity_search?onto=health&keywords=椒面羹&type=health_shiwu,
中医疾病,伤食,/entity_search?onto=health&keywords=伤食&type=health_zhongyijibing,
中医疾病,假孕,/entity_search?onto=health&keywords=假孕&type=health_zhongyijibing,
穴位,缺盆,/entity_search?onto=health&keywords=缺盆&type=health_xuewei,
饮食养生,鱼肚炖鸽子,/entity_search?onto=health&keywords=鱼肚炖鸽子&type=health_yinshi,
食谱,拔丝香蕉,/entity_search?onto=health&keywords=拔丝香蕉&type=health_shipu,
饮食养生,玫瑰花粥,/entity_search?onto=health&keywords=玫瑰花粥&type=health_yinshi,
情志养生,移精变气法,/entity_search?onto=health&keywords=移精变气法&type=health_qingzhi,
西医疾病,急性胃炎,/entity_search?onto=health&keywords=急性胃炎&type=health_xiyijibing,
名家养生,林毅,/entity_search?onto=health&keywords=林毅&type=health_mingjia,
名家养生,张林,/entity_search?onto=health&keywords=张林&type=health_mingjia,
针灸养生,穴位注射法,/entity_search?onto=health&keywords=穴位注射法&type=health_zhenjiu,
针灸养生,挑治法,/entity_search?onto=health&keywords=挑治法&type=health_zhenjiu,
针灸养生,磁敷法,/entity_search?onto=health&keywords=磁敷法&type=health_zhenjiu,
症候,余毒未清证,/entity_search?onto=health&keywords=余毒未清证&type=health_zhenghou,
名家养生,孙凤霞,/entity_search?onto=health&keywords=孙凤霞&type=health_mingjia,
穴位,中府,/entity_search?onto=health&keywords=中府&type=health_xuewei,
节气,秋分,/entity_search?onto=health&keywords=秋分&type=health_jieqi,
名家养生,王琦,/entity_search?onto=health&keywords=王琦&type=health_mingjia,
名家养生,朱丹,/entity_search?onto=health&keywords=朱丹&type=health_mingjia,
药膳养生,胡桃丸,/entity_search?onto=health&keywords=胡桃丸&type=health_yaoshan,
穴位,下廉,/entity_search?onto=health&keywords=下廉&type=health_xuewei,
气功养生,入火法,/entity_search?onto=health&keywords=入火法&type=health_qigong,
按摩养生,拿睾丸,/entity_search?onto=health&keywords=拿睾丸&type=health_anmo,
中医疾病,痨淋,/entity_search?onto=health&keywords=痨淋&type=health_zhongyijibing,
起居养生,冷水浴-浴面,/entity_search?onto=health&keywords=冷水浴-浴面&type=health_qiju,
西医疾病,肾癌,/entity_search?onto=health&keywords=肾癌&type=health_xiyijibing,
穴位,乳中,/entity_search?onto=health&keywords=乳中&type=health_xuewei,
西医疾病,慢性支气管炎,/entity_search?onto=health&keywords=慢性支气管炎&type=health_xiyijibing,
名家养生,方药中,/entity_search?onto=health&keywords=方药中&type=health_mingjia,
药物养生,食物外治法,/entity_search?onto=health&keywords=食物外治法&type=health_yaowu,
名家养生,徐荣谦,/entity_search?onto=health&keywords=徐荣谦&type=health_mingjia,
西医疾病,肺包虫病,/entity_search?onto=health&keywords=肺包虫病&type=health_xiyijibing,
穴位,臂,/entity_search?onto=health&keywords=臂&type=health_xuewei,
中医疾病,（白）秃疮,/entity_search?onto=health&keywords=（白）秃疮&type=health_zhongyijibing,
按摩养生,按脊法,/entity_search?onto=health&keywords=按脊法&type=health_anmo,
运动养生,摩腰,/entity_search?onto=health&keywords=摩腰&type=health_yundong,
情志养生,自我意示法,/entity_search?onto=health&keywords=自我意示法&type=health_qingzhi,
穴位,府舍,/entity_search?onto=health&keywords=府舍&type=health_xuewei,
运动养生,散步,/entity_search?onto=health&keywords=散步&type=health_yundong,
药膳养生,菟丝子粥,/entity_search?onto=health&keywords=菟丝子粥&type=health_yaoshan,
起居养生,视物法,/entity_search?onto=health&keywords=视物法&type=health_qiju,
名家养生,林禾禧,/entity_search?onto=health&keywords=林禾禧&type=health_mingjia,
中医疾病,子痰,/entity_search?onto=health&keywords=子痰&type=health_zhongyijibing,
西医疾病,血清阴性脊柱关节病,/entity_search?onto=health&keywords=血清阴性脊柱关节病&type=health_xiyijibing,
气功养生,佛家童面功,/entity_search?onto=health&keywords=佛家童面功&type=health_qigong,
穴位,滑肉门,/entity_search?onto=health&keywords=滑肉门&type=health_xuewei,
针灸养生,灯心草疗法,/entity_search?onto=health&keywords=灯心草疗法&type=health_zhenjiu,
运动养生,五禽戏,/entity_search?onto=health&keywords=五禽戏&type=health_yundong,
气功养生,彭祖谷仙卧引法,/entity_search?onto=health&keywords=彭祖谷仙卧引法&type=health_qigong,
名家养生,马旭东,/entity_search?onto=health&keywords=马旭东&type=health_mingjia,
中医疾病,暗产,/entity_search?onto=health&keywords=暗产&type=health_zhongyijibing,
症候,气滞耳窍证,/entity_search?onto=health&keywords=气滞耳窍证&type=health_zhenghou,
药物养生,鼻治法,/entity_search?onto=health&keywords=鼻治法&type=health_yaowu,
穴位,承满,/entity_search?onto=health&keywords=承满&type=health_xuewei,
症候,肝郁血热证,/entity_search?onto=health&keywords=肝郁血热证&type=health_zhenghou,
西医疾病,急性肾小球肾炎,/entity_search?onto=health&keywords=急性肾小球肾炎&type=health_xiyijibing,
药膳养生,牛髓膏子,/entity_search?onto=health&keywords=牛髓膏子&type=health_yaoshan,
食物养生,葵菜羹,/entity_search?onto=health&keywords=葵菜羹&type=health_shiwu,
症候,肾气虚证,/entity_search?onto=health&keywords=肾气虚证&type=health_zhenghou,
症候,热毒伤血证,/entity_search?onto=health&keywords=热毒伤血证&type=health_zhenghou,
按摩养生,抓火法,/entity_search?onto=health&keywords=抓火法&type=health_anmo,
疾病,性早熟,/entity_search?onto=health&keywords=性早熟&type=health_jibing,
穴位,阴陵泉,/entity_search?onto=health&keywords=阴陵泉&type=health_xuewei,
疾病,泄泻,/entity_search?onto=health&keywords=泄泻&type=health_jibing,
穴位,箕门,/entity_search?onto=health&keywords=箕门&type=health_xuewei,
按摩养生,摩腹,/entity_search?onto=health&keywords=摩腹&type=health_anmo,
症候,阴虚火旺证,/entity_search?onto=health&keywords=阴虚火旺证&type=health_zhenghou,
中医养生思想,慎起居防劳伤,/entity_search?onto=health&keywords=慎起居防劳伤&type=health_zhongyiyangshensixiang,
按摩养生,按揉攒竹穴,/entity_search?onto=health&keywords=按揉攒竹穴&type=health_anmo,
经脉,手少阳三焦经,/entity_search?onto=health&keywords=手少阳三焦经&type=health_jingmai,
起居养生,起居法,/entity_search?onto=health&keywords=起居法&type=health_qiju,
饮食养生,粳米红枣粥,/entity_search?onto=health&keywords=粳米红枣粥&type=health_yinshi,
节气,小寒,/entity_search?onto=health&keywords=小寒&type=health_jieqi,
疾病,乳腺癌,/entity_search?onto=health&keywords=乳腺癌&type=health_jibing,
名家养生,李曰庆,/entity_search?onto=health&keywords=李曰庆&type=health_mingjia,
名家养生,王晖,/entity_search?onto=health&keywords=王晖&type=health_mingjia,
按摩养生,双掌摩腰法,/entity_search?onto=health&keywords=双掌摩腰法&type=health_anmo,
西医疾病,肺脓肿,/entity_search?onto=health&keywords=肺脓肿&type=health_xiyijibing,
针灸养生,头针法,/entity_search?onto=health&keywords=头针法&type=health_zhenjiu,
西医疾病,细菌性肝脓肿,/entity_search?onto=health&keywords=细菌性肝脓肿&type=health_xiyijibing,
针灸养生,体针疗法,/entity_search?onto=health&keywords=体针疗法&type=health_zhenjiu,
针灸养生,点穴法,/entity_search?onto=health&keywords=点穴法&type=health_zhenjiu,
气功养生,中风门八法,/entity_search?onto=health&keywords=中风门八法&type=health_qigong,
按摩养生,揉承山穴,/entity_search?onto=health&keywords=揉承山穴&type=health_anmo,
药膳养生,荆芥粥,/entity_search?onto=health&keywords=荆芥粥&type=health_yaoshan,
食物养生,青鸭羹,/entity_search?onto=health&keywords=青鸭羹&type=health_shiwu,
中医疾病,发颐,/entity_search?onto=health&keywords=发颐&type=health_zhongyijibing,
运动养生,常食法,/entity_search?onto=health&keywords=常食法&type=health_yundong,
西医疾病,消化性溃疡,/entity_search?onto=health&keywords=消化性溃疡&type=health_xiyijibing,
针灸养生,针灸法,/entity_search?onto=health&keywords=针灸法&type=health_zhenjiu,
中医养生思想,养护脾胃,/entity_search?onto=health&keywords=养护脾胃&type=health_zhongyiyangshensixiang,
药膳养生,生地黄鸡,/entity_search?onto=health&keywords=生地黄鸡&type=health_yaoshan,
症候,水饮内停证,/entity_search?onto=health&keywords=水饮内停证&type=health_zhenghou,
症候,痰核留结证,/entity_search?onto=health&keywords=痰核留结证&type=health_zhenghou,
穴位,天鼎,/entity_search?onto=health&keywords=天鼎&type=health_xuewei,
西医疾病,前列腺癌,/entity_search?onto=health&keywords=前列腺癌&type=health_xiyijibing,
症候,肺热移肠证,/entity_search?onto=health&keywords=肺热移肠证&type=health_zhenghou,
食物养生,良姜粥,/entity_search?onto=health&keywords=良姜粥&type=health_shiwu,
饮食养生,蜜糖蒸萝卜,/entity_search?onto=health&keywords=蜜糖蒸萝卜?&type=health_yinshi,
症候,邪恋耳窍证,/entity_search?onto=health&keywords=邪恋耳窍证&type=health_zhenghou,
穴位,头维,/entity_search?onto=health&keywords=头维&type=health_xuewei,
运动养生,秋季吐纳健身法,/entity_search?onto=health&keywords=秋季吐纳健身法&type=health_yundong,
疾病,经行头痛,/entity_search?onto=health&keywords=经行头痛&type=health_jibing,
药物养生,敷脐法,/entity_search?onto=health&keywords=敷脐法&type=health_yaowu,
穴位,上巨虚,/entity_search?onto=health&keywords=上巨虚&type=health_xuewei,
穴位,云门,/entity_search?onto=health&keywords=云门&type=health_xuewei,
针灸养生,腕踝针疗法,/entity_search?onto=health&keywords=腕踝针疗法&type=health_zhenjiu,
中医疾病,火斑疮,/entity_search?onto=health&keywords=火斑疮&type=health_zhongyijibing,
按摩养生,指压法,/entity_search?onto=health&keywords=指压法&type=health_anmo,
中医疾病,睛黄视渺,/entity_search?onto=health&keywords=睛黄视渺&type=health_zhongyijibing,
中医疾病,瘀血流注,/entity_search?onto=health&keywords=瘀血流注&type=health_zhongyijibing,
运动养生,俯仰健腰,/entity_search?onto=health&keywords=俯仰健腰&type=health_yundong,
中医疾病,皮肤瘙痒,/entity_search?onto=health&keywords=皮肤瘙痒&type=health_zhongyijibing,
经脉,足厥阴肝经,/entity_search?onto=health&keywords=足厥阴肝经&type=health_jingmai,
疾病,水痘,/entity_search?onto=health&keywords=水痘&type=health_jibing,
疾病,食管癌,/entity_search?onto=health&keywords=食管癌&type=health_jibing,
疾病,滑胎,/entity_search?onto=health&keywords=滑胎&type=health_jibing,
症候,虫毒犯肺证,/entity_search?onto=health&keywords=虫毒犯肺证&type=health_zhenghou,
症候,表热里寒证,/entity_search?onto=health&keywords=表热里寒证&type=health_zhenghou,
症候,热重于风证,/entity_search?onto=health&keywords=热重于风证&type=health_zhenghou,
饮食养生,豌豆苗鲫鱼汤,/entity_search?onto=health&keywords=豌豆苗鲫鱼汤&type=health_yinshi,
药物养生,食物热熨疗法,/entity_search?onto=health&keywords=食物热熨疗法&type=health_yaowu,
饮食养生,枸杞子莲心茶,/entity_search?onto=health&keywords=枸杞子莲心茶&type=health_yinshi,
气功养生,风痹门八法,/entity_search?onto=health&keywords=风痹门八法&type=health_qigong,
疾病,胎漏、胎动不安,/entity_search?onto=health&keywords=胎漏、胎动不安&type=health_jibing,
药膳养生,百岁酒,/entity_search?onto=health&keywords=百岁酒&type=health_yaoshan,
西医疾病,支气管哮喘,/entity_search?onto=health&keywords=支气管哮喘&type=health_xiyijibing,
西医疾病,溶血尿毒综合征,/entity_search?onto=health&keywords=溶血尿毒综合征&type=health_xiyijibing,
药物养生,药枕法,/entity_search?onto=health&keywords=药枕法&type=health_yaowu,
中医养生原则,调息养气,/entity_search?onto=health&keywords=调息养气&type=health_zhongyiyangshenyuanze,
起居养生,其他,/entity_search?onto=health&keywords=其他&type=health_qiju,
针灸养生,温针疗法,/entity_search?onto=health&keywords=温针疗法&type=health_zhenjiu,
中医养生思想,形神统一,/entity_search?onto=health&keywords=形神统一&type=health_zhongyiyangshensixiang,
气功养生,导引法,/entity_search?onto=health&keywords=导引法&type=health_qigong,
名家养生,王新志,/entity_search?onto=health&keywords=王新志&type=health_mingjia,
运动养生,转胯运腰,/entity_search?onto=health&keywords=转胯运腰&type=health_yundong,
西医疾病,免疫缺陷病,/entity_search?onto=health&keywords=免疫缺陷病&type=health_xiyijibing,
中医疾病,耳闭,/entity_search?onto=health&keywords=耳闭&type=health_zhongyijibing,
名家养生,金玉,/entity_search?onto=health&keywords=金玉&type=health_mingjia,
食物养生,枸杞羊肾粥,/entity_search?onto=health&keywords=枸杞羊肾粥&type=health_shiwu,
西医疾病,狼疮性肾炎,/entity_search?onto=health&keywords=狼疮性肾炎&type=health_xiyijibing,
经脉,督脉,/entity_search?onto=health&keywords=督脉&type=health_jingmai,
穴位,腹结,/entity_search?onto=health&keywords=腹结&type=health_xuewei,
饮食养生,核桃粥,/entity_search?onto=health&keywords=核桃粥&type=health_yinshi,
中医养生思想,形神兼具，身心俱健,/entity_search?onto=health&keywords=形神兼具，身心俱健&type=health_zhongyiyangshensixiang,
名家养生,王鹏,/entity_search?onto=health&keywords=王鹏&type=health_mingjia,
饮食养生,猪心百合汤,/entity_search?onto=health&keywords=猪心百合汤&type=health_yinshi,
名家养生,李军,/entity_search?onto=health&keywords=李军&type=health_mingjia,
西医疾病,放射性肺炎,/entity_search?onto=health&keywords=放射性肺炎&type=health_xiyijibing,
中医疾病,（穿）胁痈,/entity_search?onto=health&keywords=（穿）胁痈&type=health_zhongyijibing,
饮食养生,白胡椒猪肚汤,/entity_search?onto=health&keywords=白胡椒猪肚汤&type=health_yinshi,
起居养生,矿泉疗法,/entity_search?onto=health&keywords=矿泉疗法&type=health_qiju,
名家养生,魏龙骧,/entity_search?onto=health&keywords=魏龙骧&type=health_mingjia,
食物养生,苋菜粥,/entity_search?onto=health&keywords=苋菜粥&type=health_shiwu,
穴位,气户,/entity_search?onto=health&keywords=气户&type=health_xuewei,
食物养生,羊头脍,/entity_search?onto=health&keywords=羊头脍&type=health_shiwu,
食谱,啤酒蛋,/entity_search?onto=health&keywords=啤酒蛋&type=health_shipu,
运动养生,练功法,/entity_search?onto=health&keywords=练功法&type=health_yundong,
中医疾病,黄胖病,/entity_search?onto=health&keywords=黄胖病&type=health_zhongyijibing,
中医养生原则,慎避虚邪,/entity_search?onto=health&keywords=慎避虚邪&type=health_zhongyiyangshenyuanze,
西医疾病,支气管扩张,/entity_search?onto=health&keywords=支气管扩张&type=health_xiyijibing,
饮食养生,一品山药,/entity_search?onto=health&keywords=一品山药&type=health_yinshi,
起居养生,沐浴养生法,/entity_search?onto=health&keywords=沐浴养生法&type=health_qiju,
西医疾病,脊髓灰质炎,/entity_search?onto=health&keywords=脊髓灰质炎&type=health_xiyijibing,
按摩养生,搓颈法,/entity_search?onto=health&keywords=搓颈法&type=health_anmo,
中医疾病,顽痹,/entity_search?onto=health&keywords=顽痹&type=health_zhongyijibing,
名家养生,郑纯,/entity_search?onto=health&keywords=郑纯&type=health_mingjia,
症候,阴虚内热证,/entity_search?onto=health&keywords=阴虚内热证&type=health_zhenghou,
药膳养生,车前竹叶甘草汤,/entity_search?onto=health&keywords=车前竹叶甘草汤&type=health_yaoshan,
饮食养生,红枣粥,/entity_search?onto=health&keywords=红枣粥&type=health_yinshi,
按摩养生,小儿推拿法,/entity_search?onto=health&keywords=小儿推拿法&type=health_anmo,
中医养生思想,导养得理，可以长寿,/entity_search?onto=health&keywords=导养得理，可以长寿&type=health_zhongyiyangshensixiang,
针灸养生,放血疗法,/entity_search?onto=health&keywords=放血疗法&type=health_zhenjiu,
气功养生,龙行气法,/entity_search?onto=health&keywords=龙行气法&type=health_qigong,
饮食养生,红枣花生粥,/entity_search?onto=health&keywords=红枣花生粥&type=health_yinshi,
起居养生,空气浴,/entity_search?onto=health&keywords=空气浴&type=health_qiju,
药物养生,药敷法,/entity_search?onto=health&keywords=药敷法&type=health_yaowu,
药物养生,药衣法,/entity_search?onto=health&keywords=药衣法&type=health_yaowu,
穴位,库房,/entity_search?onto=health&keywords=库房&type=health_xuewei,
症候,寒痰阻肺证,/entity_search?onto=health&keywords=寒痰阻肺证&type=health_zhenghou,
药膳养生,山楂益母茶,/entity_search?onto=health&keywords=山楂益母茶&type=health_yaoshan,
起居养生,冷水浴-淋浴,/entity_search?onto=health&keywords=冷水浴-淋浴&type=health_qiju,
症候,表里俱寒证,/entity_search?onto=health&keywords=表里俱寒证&type=health_zhenghou,
西医疾病,原发性骨质疏松症,/entity_search?onto=health&keywords=原发性骨质疏松症&type=health_xiyijibing,
药膳养生,地黄酒,/entity_search?onto=health&keywords=地黄酒&type=health_yaoshan,
情志养生,情志法,/entity_search?onto=health&keywords=情志法&type=health_qingzhi,
症候,血虚夹实证,/entity_search?onto=health&keywords=血虚夹实证&type=health_zhenghou,
饮食养生,莲子银耳汤,/entity_search?onto=health&keywords=莲子银耳汤&type=health_yinshi,
症候,肝热动风证,/entity_search?onto=health&keywords=肝热动风证&type=health_zhenghou,
疾病,月经过少,/entity_search?onto=health&keywords=月经过少&type=health_jibing,
西医疾病,肠套叠,/entity_search?onto=health&keywords=肠套叠&type=health_xiyijibing,
西医疾病,风湿热,/entity_search?onto=health&keywords=风湿热&type=health_xiyijibing,
疾病,感冒,/entity_search?onto=health&keywords=感冒&type=health_jibing,
中医疾病,产后小便不通,/entity_search?onto=health&keywords=产后小便不通&type=health_zhongyijibing,
穴位,气冲,/entity_search?onto=health&keywords=气冲&type=health_xuewei,
药物养生,熨引法,/entity_search?onto=health&keywords=熨引法&type=health_yaowu,
西医疾病,肺结核病,/entity_search?onto=health&keywords=肺结核病&type=health_xiyijibing,
名家养生,叶海,/entity_search?onto=health&keywords=叶海&type=health_mingjia,
药物养生,药熨法,/entity_search?onto=health&keywords=药熨法&type=health_yaowu,
中医养生思想,养正御邪,/entity_search?onto=health&keywords=养正御邪&type=health_zhongyiyangshensixiang,
名家养生,查干,/entity_search?onto=health&keywords=查干&type=health_mingjia,
药膳养生,吴茱萸粥,/entity_search?onto=health&keywords=吴茱萸粥&type=health_yaoshan,
名家养生,刘锐,/entity_search?onto=health&keywords=刘锐&type=health_mingjia,
气功养生,心腹痛门三法,/entity_search?onto=health&keywords=心腹痛门三法&type=health_qigong,
运动养生,“吹”字功,/entity_search?onto=health&keywords=“吹”字功&type=health_yundong,
中医养生原则,饮食合理,/entity_search?onto=health&keywords=饮食合理&type=health_zhongyiyangshenyuanze,
运动养生,运足法,/entity_search?onto=health&keywords=运足法&type=health_yundong,
食物养生,炒黄面,/entity_search?onto=health&keywords=炒黄面&type=health_shiwu,
气功养生,气门一法,/entity_search?onto=health&keywords=气门一法&type=health_qigong,
西医疾病,面神经麻痹,/entity_search?onto=health&keywords=面神经麻痹&type=health_xiyijibing,
起居养生,泡脚,/entity_search?onto=health&keywords=泡脚&type=health_qiju,
起居养生,唾液保健法,/entity_search?onto=health&keywords=唾液保健法&type=health_qiju,
药物养生,清热法,/entity_search?onto=health&keywords=清热法&type=health_yaowu,
穴位,经渠,/entity_search?onto=health&keywords=经渠&type=health_xuewei,
气功养生,风痹门七法,/entity_search?onto=health&keywords=风痹门七法&type=health_qigong,
中医疾病,干胁痛,/entity_search?onto=health&keywords=干胁痛&type=health_zhongyijibing,
起居养生,矿泉浴-凉水浸浴,/entity_search?onto=health&keywords=矿泉浴-凉水浸浴&type=health_qiju,
中医疾病,旋螺尖起,/entity_search?onto=health&keywords=旋螺尖起&type=health_zhongyijibing,
中医疾病,脑疽,/entity_search?onto=health&keywords=脑疽&type=health_zhongyijibing,
中医疾病,混睛障,/entity_search?onto=health&keywords=混睛障&type=health_zhongyijibing,
按摩养生,推拿法,/entity_search?onto=health&keywords=推拿法&type=health_anmo,
穴位,列缺,/entity_search?onto=health&keywords=列缺&type=health_xuewei,
食谱,醋熘土豆丝,/entity_search?onto=health&keywords=醋熘土豆丝&type=health_shipu,
娱乐养生,其他,/entity_search?onto=health&keywords=其他&type=health_yule,
食物养生,桃仁粥,/entity_search?onto=health&keywords=桃仁粥&type=health_shiwu,
疾病,月经过多,/entity_search?onto=health&keywords=月经过多&type=health_jibing,
中医疾病,慢性蛊虫病,/entity_search?onto=health&keywords=慢性蛊虫病&type=health_zhongyijibing,
中医疾病,口舌痰包,/entity_search?onto=health&keywords=口舌痰包&type=health_zhongyijibing,
疾病,胃癌,/entity_search?onto=health&keywords=胃癌&type=health_jibing,
食物养生,醍醐酒,/entity_search?onto=health&keywords=醍醐酒&type=health_shiwu,
西医疾病,结节病,/entity_search?onto=health&keywords=结节病&type=health_xiyijibing,
药膳养生,肉苁蓉羊肉粥,/entity_search?onto=health&keywords=肉苁蓉羊肉粥&type=health_yaoshan,
气功养生,呕吐门二法,/entity_search?onto=health&keywords=呕吐门二法&type=health_qigong,
针灸养生,脉冲电针法,/entity_search?onto=health&keywords=脉冲电针法&type=health_zhenjiu,
按摩养生,胸部自我推拿法,/entity_search?onto=health&keywords=胸部自我推拿法&type=health_anmo,
气功养生,龟鳖行气法,/entity_search?onto=health&keywords=龟鳖行气法&type=health_qigong,
饮食养生,桂圆糯米粥,/entity_search?onto=health&keywords=桂圆糯米粥&type=health_yinshi,
症候,气虚齿动证,/entity_search?onto=health&keywords=气虚齿动证&type=health_zhenghou,
穴位,商丘,/entity_search?onto=health&keywords=商丘&type=health_xuewei,
中医疾病,遗尿,/entity_search?onto=health&keywords=遗尿&type=health_zhongyijibing,
饮食养生,地黄粥,/entity_search?onto=health&keywords=地黄粥&type=health_yinshi,
按摩养生,按摩太阳穴,/entity_search?onto=health&keywords=按摩太阳穴&type=health_anmo,
按摩养生,按摩印堂穴,/entity_search?onto=health&keywords=按摩印堂穴&type=health_anmo,
针灸养生,声电针法,/entity_search?onto=health&keywords=声电针法&type=health_zhenjiu,
起居养生,言语训练法,/entity_search?onto=health&keywords=言语训练法&type=health_qiju,
中医疾病,胰瘅,/entity_search?onto=health&keywords=胰瘅&type=health_zhongyijibing,
针灸养生,灸治疗法,/entity_search?onto=health&keywords=灸治疗法&type=health_zhenjiu,
情志养生,心理疗法,/entity_search?onto=health&keywords=心理疗法&type=health_qingzhi,
症候,热盛动风证,/entity_search?onto=health&keywords=热盛动风证&type=health_zhenghou,
中医养生原则,养胎优生,/entity_search?onto=health&keywords=养胎优生&type=health_zhongyiyangshenyuanze,
中医养生思想,顺应四时,/entity_search?onto=health&keywords=顺应四时&type=health_zhongyiyangshensixiang,
中医疾病,（小儿）客忤,/entity_search?onto=health&keywords=（小儿）客忤&type=health_zhongyijibing,
饮食养生,玉米面红薯粥,/entity_search?onto=health&keywords=玉米面红薯粥&type=health_yinshi,
食物养生,鹁鸽羹,/entity_search?onto=health&keywords=鹁鸽羹&type=health_shiwu,
针灸养生,水针疗法,/entity_search?onto=health&keywords=水针疗法&type=health_zhenjiu,
气功养生,气功,/entity_search?onto=health&keywords=气功&type=health_qigong,
饮食养生,红枣冰糖嫩肤粥,/entity_search?onto=health&keywords=红枣冰糖嫩肤粥&type=health_yinshi,
节气,小暑,/entity_search?onto=health&keywords=小暑&type=health_jieqi,
疾病,肝癌,/entity_search?onto=health&keywords=肝癌&type=health_jibing,
名家养生,陈彤云,/entity_search?onto=health&keywords=陈彤云&type=health_mingjia,
食物养生,经验方,/entity_search?onto=health&keywords=经验方&type=health_shiwu,
中医养生原则,循理乐俗,/entity_search?onto=health&keywords=循理乐俗&type=health_zhongyiyangshenyuanze,
中医疾病,暴风客热,/entity_search?onto=health&keywords=暴风客热&type=health_zhongyijibing,
气功养生,风痹门二法,/entity_search?onto=health&keywords=风痹门二法&type=health_qigong,
药膳养生,春寿酒,/entity_search?onto=health&keywords=春寿酒&type=health_yaoshan,
经脉,手少阴心经,/entity_search?onto=health&keywords=手少阴心经&type=health_jingmai,
名家养生,李光荣,/entity_search?onto=health&keywords=李光荣&type=health_mingjia,
运动养生,转睛法,/entity_search?onto=health&keywords=转睛法&type=health_yundong,
情志养生,四气调神法,/entity_search?onto=health&keywords=四气调神法&type=health_qingzhi,
西医疾病,肾病综合征,/entity_search?onto=health&keywords=肾病综合征&type=health_xiyijibing,
症候,肝热脾虚证,/entity_search?onto=health&keywords=肝热脾虚证&type=health_zhenghou,
食物养生,薏苡仁粥,/entity_search?onto=health&keywords=薏苡仁粥&type=health_shiwu,
名家养生,王少华,/entity_search?onto=health&keywords=王少华&type=health_mingjia,
症候,风热犯目证,/entity_search?onto=health&keywords=风热犯目证&type=health_zhenghou,
药膳养生,李冢宰药酒,/entity_search?onto=health&keywords=李冢宰药酒&type=health_yaoshan,
药物养生,经验方,/entity_search?onto=health&keywords=经验方&type=health_yaowu,
起居养生,栉发保健法,/entity_search?onto=health&keywords=栉发保健法&type=health_qiju,
症候,肺热饮停证,/entity_search?onto=health&keywords=肺热饮停证&type=health_zhenghou,
起居养生,忌口保健法,/entity_search?onto=health&keywords=忌口保健法&type=health_qiju,
起居养生,海水浴,/entity_search?onto=health&keywords=海水浴&type=health_qiju,
起居养生,漱津咽唾法,/entity_search?onto=health&keywords=漱津咽唾法&type=health_qiju,
中医疾病,脱疽,/entity_search?onto=health&keywords=脱疽&type=health_zhongyijibing,
西医疾病,急性气管一支气管炎,/entity_search?onto=health&keywords=急性气管一支气管炎&type=health_xiyijibing,
食物养生,肉羹,/entity_search?onto=health&keywords=肉羹&type=health_shiwu,
节气,芒种,/entity_search?onto=health&keywords=芒种&type=health_jieqi,
穴位,冲阳,/entity_search?onto=health&keywords=冲阳&type=health_xuewei,
穴位,太渊,/entity_search?onto=health&keywords=太渊&type=health_xuewei,
经脉,冲脉,/entity_search?onto=health&keywords=冲脉&type=health_jingmai,
穴位,足三里,/entity_search?onto=health&keywords=足三里&type=health_xuewei,
名家养生,郑敏,/entity_search?onto=health&keywords=郑敏&type=health_mingjia,
药物养生,吹鼻法,/entity_search?onto=health&keywords=吹鼻法&type=health_yaowu,
西医疾病,膀胱癌,/entity_search?onto=health&keywords=膀胱癌&type=health_xiyijibing,
经脉,足少阳胆经,/entity_search?onto=health&keywords=足少阳胆经&type=health_jingmai,
食物养生,山药粥,/entity_search?onto=health&keywords=山药粥&type=health_shiwu,
药膳养生,美容药酒,/entity_search?onto=health&keywords=美容药酒&type=health_yaoshan,
食谱,油焖大虾,/entity_search?onto=health&keywords=油焖大虾&type=health_shipu,
运动养生,运睛,/entity_search?onto=health&keywords=运睛&type=health_yundong,
起居养生,含漱法,/entity_search?onto=health&keywords=含漱法&type=health_qiju,
中医养生原则,运动养生,/entity_search?onto=health&keywords=运动养生&type=health_zhongyiyangshenyuanze,
药物养生,滴鼻法,/entity_search?onto=health&keywords=滴鼻法&type=health_yaowu,
起居养生,减压法,/entity_search?onto=health&keywords=减压法&type=health_qiju,
针灸养生,皮肤针疗法,/entity_search?onto=health&keywords=皮肤针疗法&type=health_zhenjiu,
起居养生,日光浴,/entity_search?onto=health&keywords=日光浴&type=health_qiju,
名家养生,李卓,/entity_search?onto=health&keywords=李卓&type=health_mingjia,
中医养生原则,畅通经络,/entity_search?onto=health&keywords=畅通经络&type=health_zhongyiyangshenyuanze,
名家养生,马骏,/entity_search?onto=health&keywords=马骏&type=health_mingjia,
药膳养生,地黄枣仁粥,/entity_search?onto=health&keywords=地黄枣仁粥&type=health_yaoshan,
针灸养生,磁场敷贴法,/entity_search?onto=health&keywords=磁场敷贴法&type=health_zhenjiu,
穴位,丰隆,/entity_search?onto=health&keywords=丰隆&type=health_xuewei,
名家养生,王旭,/entity_search?onto=health&keywords=王旭&type=health_mingjia,
穴位,侠白,/entity_search?onto=health&keywords=侠白&type=health_xuewei,
中医疾病,雷公藤中毒,/entity_search?onto=health&keywords=雷公藤中毒&type=health_zhongyijibing,
按摩养生,摩面法,/entity_search?onto=health&keywords=摩面法&type=health_anmo,
气功养生,风痹门五法,/entity_search?onto=health&keywords=风痹门五法&type=health_qigong,
中医养生思想,养生防伤,/entity_search?onto=health&keywords=养生防伤&type=health_zhongyiyangshensixiang,
药物养生,利水化湿法,/entity_search?onto=health&keywords=利水化湿法&type=health_yaowu,
中医疾病,暑[热]疖,/entity_search?onto=health&keywords=暑[热]疖&type=health_zhongyijibing,
西医疾病,卡氏肺孢子虫病,/entity_search?onto=health&keywords=卡氏肺孢子虫病&type=health_xiyijibing,
经脉,手太阳小肠经,/entity_search?onto=health&keywords=手太阳小肠经&type=health_jingmai,
症候,湿热蕴肾证,/entity_search?onto=health&keywords=湿热蕴肾证&type=health_zhenghou,
饮食养生,口蘑鸡块,/entity_search?onto=health&keywords=口蘑鸡块&type=health_yinshi,
症候,湿热下注证,/entity_search?onto=health&keywords=湿热下注证&type=health_zhenghou,
饮食养生,黑米党参粥,/entity_search?onto=health&keywords=黑米党参粥&type=health_yinshi,
症候,血虚齿槽失养证,/entity_search?onto=health&keywords=血虚齿槽失养证&type=health_zhenghou,
穴位,气舍,/entity_search?onto=health&keywords=气舍&type=health_xuewei,
症候,风湿凌目证,/entity_search?onto=health&keywords=风湿凌目证&type=health_zhenghou,
西医疾病,原发性肝癌,/entity_search?onto=health&keywords=原发性肝癌&type=health_xiyijibing,
症候,冲任不固证,/entity_search?onto=health&keywords=冲任不固证&type=health_zhenghou,
节气,雨水,/entity_search?onto=health&keywords=雨水&type=health_jieqi,
药膳养生,⑤芪杞炖乳鸽,/entity_search?onto=health&keywords=⑤芪杞炖乳鸽&type=health_yaoshan,
药物养生,敷贴法,/entity_search?onto=health&keywords=敷贴法&type=health_yaowu,
西医疾病,子宫内膜癌,/entity_search?onto=health&keywords=子宫内膜癌&type=health_xiyijibing,
西医疾病,闭塞性细支气管炎伴机化性肺炎,/entity_search?onto=health&keywords=闭塞性细支气管炎伴机化性肺炎&type=health_xiyijibing,
西医疾病,传染性单核细胞增多症,/entity_search?onto=health&keywords=传染性单核细胞增多症&type=health_xiyijibing,
食物养生,鸡子黄,/entity_search?onto=health&keywords=鸡子黄&type=health_shiwu,
针灸养生,磁疗法,/entity_search?onto=health&keywords=磁疗法&type=health_zhenjiu,
饮食养生,青韭红白汤,/entity_search?onto=health&keywords=青韭红白汤&type=health_yinshi,
药膳养生,八珍糕,/entity_search?onto=health&keywords=八珍糕&type=health_yaoshan,
饮食养生,猪肝绿豆粥,/entity_search?onto=health&keywords=猪肝绿豆粥&type=health_yinshi,
穴位,孔最,/entity_search?onto=health&keywords=孔最&type=health_xuewei,
运动养生,倒立与倒行,/entity_search?onto=health&keywords=倒立与倒行&type=health_yundong,
经脉,带脉,/entity_search?onto=health&keywords=带脉&type=health_jingmai,
症候,肾系证类,/entity_search?onto=health&keywords=肾系证类&type=health_zhenghou,
按摩养生,整复法,/entity_search?onto=health&keywords=整复法&type=health_anmo,
起居养生,叩齿法,/entity_search?onto=health&keywords=叩齿法&type=health_qiju,
症候,肝郁化火证,/entity_search?onto=health&keywords=肝郁化火证&type=health_zhenghou,
药物养生,擦涂法,/entity_search?onto=health&keywords=擦涂法&type=health_yaowu,
中医养生原则,节欲葆神,/entity_search?onto=health&keywords=节欲葆神&type=health_zhongyiyangshenyuanze,
疾病,眩晕,/entity_search?onto=health&keywords=眩晕&type=health_jibing,
中医疾病,胁疽,/entity_search?onto=health&keywords=胁疽&type=health_zhongyijibing,
疾病,癫痫,/entity_search?onto=health&keywords=癫痫&type=health_jibing,
按摩养生,按揉四白穴,/entity_search?onto=health&keywords=按揉四白穴&type=health_anmo,
针灸养生,手针疗法,/entity_search?onto=health&keywords=手针疗法&type=health_zhenjiu,
气功养生,中风门四法,/entity_search?onto=health&keywords=中风门四法&type=health_qigong,
中医疾病,肢痹,/entity_search?onto=health&keywords=肢痹&type=health_zhongyijibing,
西医疾病,原发性支气管肺癌,/entity_search?onto=health&keywords=原发性支气管肺癌&type=health_xiyijibing,
名家养生,张磊,/entity_search?onto=health&keywords=张磊&type=health_mingjia,
药膳养生,①杜仲猪腰汤,/entity_search?onto=health&keywords=①杜仲猪腰汤&type=health_yaoshan,
症候,痰蒙清窍证,/entity_search?onto=health&keywords=痰蒙清窍证&type=health_zhenghou,
气功养生,中风门十二法,/entity_search?onto=health&keywords=中风门十二法&type=health_qigong,
食物养生,驴头羹,/entity_search?onto=health&keywords=驴头羹&type=health_shiwu,
名家养生,张锡纯,/entity_search?onto=health&keywords=张锡纯&type=health_mingjia,
名家养生,王烈,/entity_search?onto=health&keywords=王烈&type=health_mingjia,
按摩养生,点按法,/entity_search?onto=health&keywords=点按法&type=health_anmo,
中医疾病,云翳,/entity_search?onto=health&keywords=云翳&type=health_zhongyijibing,
经脉,足太阳膀胱经,/entity_search?onto=health&keywords=足太阳膀胱经&type=health_jingmai,
饮食养生,菠菜炒猪血,/entity_search?onto=health&keywords=菠菜炒猪血&type=health_yinshi,
情志养生,默念训练,/entity_search?onto=health&keywords=默念训练&type=health_qingzhi,
饮食养生,屠苏酒,/entity_search?onto=health&keywords=屠苏酒&type=health_yinshi,
症候,冲任失调证,/entity_search?onto=health&keywords=冲任失调证&type=health_zhenghou,
穴位,髀关,/entity_search?onto=health&keywords=髀关&type=health_xuewei,
气功养生,风痹门九法,/entity_search?onto=health&keywords=风痹门九法&type=health_qigong,
药膳养生,②杜仲酒,/entity_search?onto=health&keywords=②杜仲酒&type=health_yaoshan,
运动养生,导引生发功,/entity_search?onto=health&keywords=导引生发功&type=health_yundong,
名家养生,罗仁,/entity_search?onto=health&keywords=罗仁&type=health_mingjia,
食谱,红烧千张结,/entity_search?onto=health&keywords=红烧千张结&type=health_shipu,
饮食养生,茄汁黄瓜排,/entity_search?onto=health&keywords=茄汁黄瓜排&type=health_yinshi,
食物养生,羊肚羹,/entity_search?onto=health&keywords=羊肚羹&type=health_shiwu,
气功养生,中风门三法,/entity_search?onto=health&keywords=中风门三法&type=health_qigong,
饮食养生,韭黄炒鸡丝,/entity_search?onto=health&keywords=韭黄炒鸡丝&type=health_yinshi,
